Rainfall,Temperature,Humidity,River_Water_Level,River_Flow,Soil_Moisture,Wind_Speed,Atmospheric_Pressure,Previous_Rainfall,Drainage_Capacity,Elevation,Flood
107.7,11.4,91.6,3.79,41.6,36.6,54.4,1016.3,111.1,70.2,34.1,1
67.3,39.3,60.2,3.15,420.7,62.0,3.2,994.5,43.4,39.5,195.4,1
62.2,31.7,31.6,0.85,258.5,26.1,61.9,1020.2,17.8,46.8,8.8,0
62.2,29.7,79.9,2.45,87.5,76.9,5.5,974.9,6.9,30.8,61.7,1
209.2,31.9,48.3,10.28,728.0,43.3,61.6,996.6,33.0,98.1,89.2,1
129.0,40.3,62.1,1.35,1333.3,51.7,68.5,969.6,86.6,54.7,272.6,0
50.9,30.5,80.7,3.48,318.0,25.6,19.8,990.9,66.9,99.6,136.4,0
111.1,30.3,70.9,5.03,94.4,54.7,81.9,1017.8,59.3,54.1,15.5,1
90.0,44.7,63.0,6.19,343.1,47.8,91.1,1015.1,129.6,29.8,10.7,1
9.7,36.5,53.5,5.68,661.0,53.9,81.3,1006.0,28.9,55.7,235.2,0
30.2,25.5,20.0,2.3,623.0,87.4,30.5,1008.4,71.8,13.6,227.6,0
94.8,34.8,79.0,1.64,756.1,58.9,58.7,967.3,42.5,91.4,149.5,1
196.4,23.6,59.9,10.83,1020.5,37.5,91.5,997.5,74.0,83.7,40.2,1
62.6,18.0,95.3,6.62,741.9,39.4,32.1,991.4,105.7,75.3,41.6,0
47.6,30.9,73.0,3.73,1385.3,68.1,82.0,991.8,18.4,64.9,11.3,1
81.6,42.5,54.2,9.0,323.6,83.6,0.9,1017.0,89.7,62.2,166.1,1
45.2,42.5,86.3,1.04,602.3,61.2,0.4,987.8,68.9,99.7,22.6,0
59.3,22.0,88.0,0.31,1143.8,70.2,76.0,992.9,37.7,35.0,108.5,1
74.2,28.5,60.6,3.97,925.5,68.4,76.1,963.3,6.1,80.2,84.0,0
28.8,17.4,88.9,4.11,2397.8,86.2,78.9,999.1,58.9,62.3,56.8,1
133.7,44.8,53.9,0.94,336.3,12.1,93.0,983.2,242.7,97.8,46.5,0
24.1,44.3,68.2,6.45,1158.5,69.7,11.8,1006.6,13.1,84.5,109.6,0
21.3,32.7,76.4,0.49,440.3,76.6,23.2,986.0,17.1,99.9,239.4,0
87.0,38.2,80.7,4.62,399.2,25.5,90.4,1007.1,69.3,62.9,122.7,0
126.6,35.0,77.4,5.4,1572.9,35.5,17.7,1002.1,17.2,28.4,74.4,1
85.4,30.8,58.3,3.93,735.5,36.3,68.2,1038.4,96.0,55.3,165.1,1
68.5,11.9,86.9,0.81,913.9,39.0,53.0,1014.9,65.7,74.0,267.6,0
58.8,25.9,62.5,8.0,470.0,44.4,8.3,968.2,23.5,79.7,37.6,0
51.3,33.6,53.6,2.37,493.5,60.3,28.5,979.7,29.3,10.0,97.4,0
154.7,33.7,53.9,2.37,168.2,74.0,52.0,1006.1,13.9,55.5,30.5,1
95.4,23.1,100.0,2.0,860.8,78.8,85.2,986.4,112.8,31.2,247.2,0
54.8,43.0,50.2,5.82,294.8,36.6,70.8,950.0,114.2,88.7,127.0,0
42.1,15.9,90.8,2.27,670.7,36.4,62.2,1032.0,127.4,23.8,84.3,1
116.4,27.5,42.3,1.23,1384.3,83.9,49.6,1019.4,35.2,70.0,56.0,1
152.3,34.2,74.8,6.98,120.4,69.2,29.9,1015.4,26.7,33.9,124.8,1
143.2,34.4,70.9,3.41,3000.0,56.8,11.9,992.9,60.3,42.1,432.2,1
36.0,32.7,97.4,7.14,392.0,65.4,40.9,1013.6,103.4,94.7,48.9,0
58.4,19.6,51.9,3.61,685.9,54.3,2.9,990.9,26.2,31.6,3.1,0
50.5,15.5,46.4,1.88,913.1,66.5,21.1,1009.1,22.8,18.6,103.5,0
64.7,32.3,62.7,0.58,380.5,47.6,43.2,986.6,94.0,16.2,67.0,0
132.8,31.0,98.3,3.98,508.4,60.9,41.9,1035.3,18.1,55.4,38.9,0
184.6,16.3,47.3,2.77,1608.1,21.8,4.4,973.6,69.3,67.8,163.9,0
98.0,34.7,20.0,5.99,1281.4,39.9,58.9,1029.6,46.4,39.5,124.4,1
43.4,25.9,66.2,2.19,612.6,40.1,55.0,1005.8,33.7,72.1,44.9,0
72.9,33.4,84.0,4.73,748.9,46.8,7.8,995.2,50.8,15.5,321.7,1
207.6,39.3,44.7,3.5,834.3,34.6,94.3,1008.3,49.0,87.2,36.3,0
80.2,15.9,82.0,1.74,1122.7,43.3,9.9,1019.7,74.6,83.5,67.5,0
58.9,10.7,44.3,2.33,1180.5,21.7,85.5,1032.3,78.0,98.7,291.0,0
62.9,37.3,62.1,1.01,1158.5,67.1,0.0,1011.3,4.0,94.3,36.4,0
97.7,31.3,80.1,11.33,536.1,53.2,88.2,987.2,136.6,42.1,90.1,1
37.2,34.5,41.3,4.65,814.3,17.5,2.0,1006.1,66.2,45.9,113.8,0
49.5,39.3,68.6,0.95,1492.2,36.6,75.8,1041.3,91.8,77.1,139.1,0
141.7,38.1,89.3,10.95,2900.8,62.4,36.2,1032.0,87.6,22.1,329.2,1
95.8,43.6,74.5,1.33,797.2,43.1,73.8,1023.2,129.7,38.3,227.6,0
80.8,28.8,50.6,2.16,477.8,39.7,40.2,1020.9,115.0,20.7,70.7,1
146.5,27.1,95.4,2.93,374.1,53.4,7.1,1019.0,110.2,50.9,110.1,1
41.2,24.1,78.2,3.56,1164.9,62.6,76.8,1028.2,20.5,59.7,123.5,0
57.5,15.4,27.8,5.88,159.9,23.4,7.1,995.9,82.5,29.0,28.7,1
93.6,30.0,82.3,0.44,1173.2,67.1,92.2,977.9,6.9,12.4,21.7,1
91.2,19.7,53.6,3.61,1187.8,37.4,5.1,1006.4,106.6,74.7,58.0,0
19.2,42.2,68.9,2.81,492.5,54.6,47.9,988.6,42.6,11.8,107.4,0
53.1,30.4,85.2,4.03,898.2,54.2,72.3,983.9,56.5,97.6,72.7,1
66.0,30.7,54.0,2.71,628.9,43.4,39.3,990.6,70.7,29.9,1.3,1
101.0,22.4,32.1,2.42,211.6,32.5,21.7,1050.0,99.5,69.8,32.2,0
91.0,11.8,95.1,3.21,1113.0,48.7,75.9,1007.7,139.0,49.1,399.0,1
70.8,11.1,88.3,10.56,1042.6,90.8,78.4,1012.2,139.5,15.4,396.7,1
9.6,24.8,63.3,2.46,525.7,25.0,92.3,980.6,13.9,52.5,135.6,0
73.5,13.0,82.1,7.76,2871.2,92.2,37.6,968.1,58.9,56.5,281.8,0
78.6,31.2,57.6,3.91,753.7,49.3,50.6,988.6,17.8,86.9,240.2,0
300.0,40.8,66.9,3.77,107.2,55.8,36.3,1033.8,29.2,75.9,217.3,0
64.4,40.9,62.1,4.06,1546.0,31.1,25.7,1011.7,142.7,17.1,93.7,1
93.9,33.1,58.4,5.02,1307.5,38.0,75.1,1017.0,171.2,28.8,29.1,1
162.9,17.4,72.2,2.62,1416.2,43.9,34.0,1019.8,82.2,38.1,156.8,0
127.7,40.2,40.8,7.4,310.3,32.0,42.8,993.2,68.2,20.5,98.8,1
189.6,41.0,60.0,5.03,880.6,50.4,40.4,1032.8,83.1,51.1,22.1,1
19.5,16.9,71.3,1.11,744.0,46.0,71.3,992.3,134.7,98.6,107.7,0
30.9,35.8,100.0,0.3,653.5,95.7,91.8,1033.1,82.0,56.3,79.5,1
46.7,20.0,41.6,10.34,1827.4,29.3,66.7,1013.8,20.0,76.8,41.8,1
16.2,38.1,75.4,4.16,761.7,57.3,47.2,969.2,53.0,71.5,63.0,0
79.1,44.9,77.6,0.98,540.9,60.5,77.9,990.0,47.6,86.5,276.9,0
33.3,11.1,27.5,2.46,536.4,31.5,64.1,969.3,24.3,29.4,43.3,1
205.9,41.4,73.2,6.61,288.6,70.1,6.1,1028.3,99.9,77.8,68.1,1
38.1,31.8,82.6,3.06,818.8,46.2,9.6,1004.5,133.6,89.3,71.3,1
57.8,44.1,76.8,3.28,1922.3,10.0,3.8,960.4,37.0,25.4,42.1,0
132.9,26.3,63.3,5.79,577.5,69.5,45.7,1012.5,15.2,41.2,4.9,1
23.8,39.7,71.7,4.45,917.3,30.4,82.6,994.3,35.8,97.3,151.4,0
15.0,12.2,68.4,5.29,645.4,31.9,31.3,975.3,61.9,80.3,114.3,0
86.2,21.7,31.2,5.75,701.0,70.1,38.4,1038.6,62.6,35.4,23.9,1
91.1,12.3,68.9,1.93,1348.5,47.4,90.9,1007.1,80.2,60.8,114.2,0
130.2,44.1,57.7,2.09,285.0,75.2,83.7,999.1,92.0,46.4,290.1,1
109.6,38.6,50.9,1.73,177.6,81.6,66.5,997.0,136.6,54.1,171.9,1
93.6,39.8,100.0,2.19,1547.6,40.8,26.7,974.7,110.0,42.0,107.9,1
42.0,42.8,90.1,3.18,481.4,72.5,11.7,978.9,107.5,35.1,71.2,0
89.3,13.0,42.0,3.36,546.2,38.4,1.6,1030.7,58.0,70.7,74.2,0
93.3,23.5,71.9,8.82,3000.0,100.0,10.7,995.5,19.2,80.1,296.8,1
40.7,12.5,94.2,4.3,1301.8,39.8,29.3,1005.4,82.7,88.7,30.8,0
244.0,17.4,35.1,3.23,351.6,77.6,55.2,964.1,91.0,24.0,33.4,1
106.0,18.0,66.5,1.41,1622.1,73.6,6.4,978.6,107.8,84.1,12.8,1
31.4,26.4,67.5,2.75,1323.0,62.0,13.6,1017.2,26.4,32.9,134.1,0
130.6,19.4,39.5,10.86,10.4,40.2,18.1,1012.6,130.9,48.5,348.2,0
146.0,13.5,72.6,10.75,841.6,51.7,63.2,1040.1,75.7,91.1,232.6,1
101.6,15.9,87.3,2.72,298.6,10.0,61.6,1031.9,20.8,50.9,54.1,0
61.6,15.2,95.2,0.67,699.8,59.9,55.1,1000.4,12.7,27.7,95.5,0
39.2,44.1,60.0,2.44,2906.8,62.7,25.1,1014.5,58.0,24.4,52.2,0
70.6,36.6,100.0,8.88,1388.3,57.9,37.1,998.7,66.0,52.6,135.6,1
96.6,43.9,23.8,3.2,1519.3,10.0,9.7,1046.1,29.4,78.6,41.3,0
75.8,25.4,72.1,5.8,646.4,27.2,22.6,1028.0,62.3,99.7,21.7,0
195.1,19.7,36.8,3.49,1524.1,38.5,89.8,1008.4,71.3,80.9,151.2,0
117.5,37.9,66.8,0.9,404.1,61.4,98.0,1009.0,120.5,88.9,210.2,0
35.4,21.4,54.6,3.58,833.6,61.4,64.8,1033.9,58.8,77.3,131.9,0
28.4,20.5,75.1,6.34,1344.2,51.3,91.7,1016.6,83.3,90.6,327.0,0
106.7,18.1,62.5,2.16,1315.8,69.0,64.3,1036.2,131.9,16.9,40.8,1
62.8,14.5,48.5,6.22,189.6,32.4,3.3,961.1,55.9,93.7,129.3,0
124.6,19.0,49.8,3.76,2498.9,68.4,99.7,1014.2,35.0,45.7,27.6,1
106.0,22.4,100.0,6.0,338.3,65.4,9.9,994.7,87.6,92.9,56.9,1
70.8,33.6,73.9,4.5,3000.0,63.3,68.3,1040.1,104.0,16.8,54.9,1
35.8,12.2,31.0,1.5,1372.2,51.0,25.3,1035.9,130.8,74.4,130.2,0
16.9,17.4,76.0,2.77,1291.4,95.3,39.2,1005.7,42.9,76.2,12.8,1
88.1,38.3,61.1,2.7,365.5,65.9,64.6,1035.7,45.6,99.7,154.0,1
23.4,15.1,65.1,2.08,498.5,33.7,43.6,1040.7,95.0,79.2,128.4,0
34.5,22.0,81.4,4.24,2366.5,60.5,25.1,1006.5,81.4,44.4,205.2,1
84.3,40.3,88.7,12.14,2164.8,71.6,33.4,1050.0,95.7,60.2,104.1,1
78.4,15.4,47.8,7.41,660.8,42.1,34.2,1004.4,81.2,43.0,112.2,1
26.3,12.9,64.4,8.08,617.3,79.0,95.9,1000.7,53.2,27.6,96.1,1
157.2,27.0,54.1,1.97,631.8,63.4,79.9,1022.3,54.2,32.4,25.7,1
154.4,20.6,76.9,8.17,1629.7,10.0,45.9,997.9,56.6,30.0,152.5,0
109.1,29.7,60.4,10.01,1522.9,61.6,20.0,1006.7,113.6,59.4,276.6,1
109.0,38.1,65.6,1.92,998.9,46.1,81.1,1033.2,118.4,91.6,97.4,0
109.1,14.8,59.6,4.86,839.8,66.8,15.7,1005.4,10.9,92.1,182.8,0
145.2,30.3,62.9,4.96,654.8,75.8,21.0,971.1,91.6,14.9,218.3,1
119.6,27.7,99.1,2.94,3000.0,59.3,36.6,1012.3,122.2,17.2,22.4,1
38.5,15.0,100.0,4.0,212.2,91.6,88.0,991.1,64.6,32.1,67.8,1
62.1,31.8,72.5,5.13,551.9,51.1,13.2,1022.3,1.8,33.0,75.5,1
300.0,19.6,63.0,3.09,949.0,68.7,12.2,1018.9,69.9,18.5,71.3,1
10.4,27.1,33.1,7.17,170.9,72.7,49.4,1034.4,42.7,45.0,76.8,1
50.8,12.9,49.8,1.11,470.8,52.9,27.6,1023.2,72.7,62.9,110.8,0
157.7,26.1,62.5,2.69,2882.2,72.1,56.9,1026.8,143.0,62.0,174.5,1
40.6,20.7,50.7,5.88,1453.5,41.9,45.2,991.6,81.2,58.9,43.6,1
121.8,38.8,52.8,11.32,467.6,45.7,43.5,1021.1,148.2,40.5,86.6,1
77.7,12.0,96.5,7.48,455.7,26.1,11.2,1044.4,28.9,73.6,95.6,1
43.2,24.7,65.6,3.94,213.9,60.3,14.1,991.2,112.5,84.4,74.8,0
8.1,26.0,67.4,3.21,524.2,62.2,82.1,1041.0,97.8,41.2,124.0,0
86.4,35.4,51.5,2.82,1131.2,80.9,88.6,994.0,61.4,17.7,227.2,1
37.7,30.1,88.6,2.83,995.2,72.4,23.5,988.0,8.1,36.7,116.4,0
68.5,33.4,60.7,0.58,547.4,48.7,11.3,1010.9,59.0,22.4,142.6,0
108.3,37.2,54.6,11.02,333.9,29.1,5.3,1019.3,32.9,52.1,20.3,0
137.4,40.2,33.4,3.4,648.0,64.5,60.8,1023.2,10.8,24.0,68.5,1
50.7,21.0,63.8,1.81,636.7,79.4,71.5,985.8,35.3,51.7,76.1,1
43.1,28.8,54.0,4.81,1325.6,71.6,37.3,1013.7,85.1,29.9,30.2,0
23.0,39.4,98.7,1.94,892.2,78.9,68.0,991.3,68.9,76.5,12.8,0
142.0,44.6,100.0,6.71,805.1,50.3,71.3,975.2,57.5,12.5,44.0,1
278.2,41.1,40.3,1.86,1728.5,44.7,93.5,986.4,22.1,59.9,63.3,1
152.4,23.0,42.6,6.06,2151.5,38.8,6.5,990.0,6.0,25.3,61.0,1
175.3,16.8,59.5,2.78,986.4,53.8,19.2,1015.4,26.6,10.1,176.4,1
40.9,27.1,48.7,4.36,1004.3,53.3,6.9,1028.0,47.6,88.2,42.1,0
103.9,36.0,69.3,6.38,684.0,59.5,86.8,975.5,35.0,70.4,214.0,1
129.6,27.2,58.5,2.3,361.1,52.2,79.3,1012.0,45.5,18.9,3.3,1
29.8,26.9,70.6,6.28,1400.1,52.1,57.5,981.5,154.8,69.8,209.9,1
215.4,39.3,85.3,0.61,1215.5,37.9,8.4,1017.6,60.0,65.0,180.6,1
18.8,22.6,43.7,9.51,728.3,75.7,27.3,992.5,117.7,52.6,137.3,0
193.8,40.1,84.9,7.03,894.2,56.7,29.8,984.0,32.0,47.7,100.1,1
18.7,24.2,50.4,3.31,1650.8,51.2,56.1,1021.0,30.8,89.8,41.0,0
31.2,21.5,100.0,7.9,1841.9,38.6,25.8,993.3,15.5,32.1,288.9,0
105.2,25.9,97.4,7.35,44.3,25.7,7.3,998.7,62.9,45.8,52.2,1
79.1,36.7,62.7,3.54,441.5,83.8,73.1,960.6,23.9,39.6,154.7,1
54.8,14.4,45.7,3.51,726.5,67.2,29.9,1023.9,208.2,79.4,68.3,0
210.0,16.9,41.9,1.62,288.0,19.3,45.2,1021.4,50.2,92.5,177.0,0
23.6,43.3,82.5,3.69,911.9,71.8,12.8,1005.1,53.3,86.5,56.9,0
66.5,16.1,64.4,0.87,461.7,75.3,80.3,974.4,47.1,81.8,54.6,0
114.6,29.9,83.5,6.01,934.9,57.7,56.6,1029.2,33.2,98.8,137.2,0
92.5,30.3,100.0,6.1,473.7,90.2,90.2,991.7,119.7,72.7,59.5,1
44.3,27.1,49.6,0.62,491.0,59.8,49.5,995.9,74.6,77.6,57.0,0
45.7,32.6,40.4,8.91,929.6,23.8,94.1,1050.0,12.2,98.5,88.3,0
136.0,18.0,68.9,2.13,1442.7,63.0,89.2,990.9,11.7,10.6,105.9,1
140.3,29.3,87.9,15.0,1165.8,60.4,57.6,1019.8,17.4,67.1,107.6,1
94.3,23.0,46.2,4.2,731.3,41.7,93.4,1016.2,20.7,76.5,150.3,1
36.4,33.2,65.7,8.97,118.5,67.6,32.3,1012.8,42.9,92.6,110.6,0
46.9,14.9,92.4,1.57,481.0,18.3,36.6,1010.6,106.7,89.5,105.3,0
73.8,30.0,32.3,2.78,437.5,76.8,4.5,1012.5,60.5,85.8,17.0,0
82.0,16.5,69.7,2.29,1268.1,35.7,58.9,1010.4,16.5,95.1,187.9,0
111.5,19.8,54.2,0.85,845.4,33.3,72.2,1004.0,27.4,58.4,75.3,0
63.9,17.7,67.5,1.12,869.1,52.5,77.4,1035.2,10.9,10.6,12.6,1
133.9,16.4,79.2,3.21,376.2,64.5,15.0,978.7,51.5,11.0,197.3,1
132.9,38.9,69.4,4.69,1892.1,58.6,44.4,1025.4,102.9,59.0,48.5,0
179.3,20.0,44.8,1.42,864.7,38.7,17.7,1021.4,201.8,49.2,25.5,0
76.2,42.4,55.0,2.64,356.2,43.9,66.2,1019.0,24.3,50.6,142.5,0
95.5,43.9,93.5,1.93,379.6,30.1,15.8,1027.3,77.7,46.0,78.5,1
67.7,30.0,71.6,3.38,960.1,50.1,90.4,1003.1,174.3,92.6,127.6,0
36.8,15.0,81.8,5.7,344.1,78.7,23.1,967.6,105.4,42.3,54.9,1
274.1,23.1,70.0,3.83,442.4,54.9,29.1,1003.6,97.6,87.1,11.1,0
164.4,37.9,81.2,2.21,274.9,73.9,85.1,985.2,73.2,91.3,41.3,1
131.0,22.9,57.1,7.19,1260.8,87.0,45.8,990.4,141.9,55.0,222.2,1
74.3,13.0,49.6,4.58,351.6,42.1,2.4,980.2,29.8,50.2,21.3,0
34.0,29.5,80.3,3.92,2104.3,50.9,49.5,995.5,79.4,78.5,185.4,1
147.1,39.6,87.5,1.44,1049.1,100.0,8.5,993.1,49.5,73.7,126.2,1
66.8,37.9,46.7,6.68,273.9,86.8,98.5,957.4,34.3,39.6,97.1,0
101.6,16.1,53.5,4.92,1158.2,18.2,58.8,1019.0,20.3,19.2,142.9,1
46.8,33.5,61.7,5.1,1894.4,63.5,25.7,1049.4,200.6,33.8,214.0,0
90.2,17.7,97.4,2.97,706.9,55.0,56.4,1017.1,25.8,21.8,210.2,1
49.2,17.6,76.3,2.57,2044.8,73.2,7.7,1000.9,66.2,36.5,62.8,1
50.8,40.6,38.5,11.06,1063.5,38.6,80.0,1003.9,81.1,33.6,56.1,1
89.3,18.7,63.1,2.54,462.2,36.5,92.5,996.6,18.3,67.4,151.9,0
18.4,19.2,60.1,1.19,2912.1,40.1,87.4,1006.8,87.0,95.9,46.2,0
19.3,10.0,41.5,4.07,207.9,42.4,34.2,1004.3,151.8,71.7,40.4,1
40.5,40.5,62.9,3.52,578.2,72.9,32.6,988.2,98.5,93.4,12.3,0
63.3,37.7,59.2,7.41,731.3,29.0,3.5,1038.7,54.2,80.6,61.4,0
136.7,32.0,57.8,3.15,2593.5,41.3,65.1,975.3,62.6,75.5,146.0,1
66.1,36.3,56.9,5.57,1281.5,15.6,53.5,1019.4,51.2,47.3,82.1,0
73.9,15.3,94.4,9.32,1133.1,77.2,45.9,1003.0,36.7,39.2,44.6,1
59.4,26.0,57.7,4.71,403.3,83.0,90.8,1043.0,23.5,86.2,63.9,0
95.4,22.3,66.0,1.51,686.2,47.8,16.8,1011.8,41.7,91.5,114.9,0
36.5,13.3,63.8,4.81,471.5,48.4,1.0,997.8,68.8,50.7,87.3,0
68.9,27.0,54.9,2.68,1106.1,65.0,7.3,1000.0,156.5,10.8,45.0,1
100.8,42.2,66.6,4.27,1694.4,87.4,22.3,1005.8,47.8,81.3,160.5,1
88.8,11.4,66.3,3.54,3000.0,64.0,3.3,982.1,49.2,35.7,101.2,1
75.7,20.2,66.6,1.16,517.0,39.7,50.3,989.7,35.2,10.9,82.7,1
76.4,17.3,47.8,3.14,201.9,19.4,31.4,969.3,169.9,82.4,297.5,0
107.8,18.3,60.9,1.43,586.1,30.5,18.0,986.5,55.4,56.6,97.3,0
282.5,41.8,80.2,2.38,1538.6,56.6,75.0,1006.9,98.4,71.7,25.7,1
38.7,26.4,61.4,6.66,360.8,40.6,20.4,1011.0,85.1,92.3,4.8,0
287.7,26.3,68.2,3.75,751.8,59.3,68.8,965.4,103.6,58.7,3.8,1
37.2,36.6,68.3,5.34,1143.5,42.8,34.9,1002.3,103.9,55.3,93.0,1
6.9,15.4,73.3,3.98,525.8,31.7,51.2,1016.3,49.5,36.2,119.1,1
48.4,27.1,76.2,2.83,892.8,29.1,93.4,1001.7,38.7,37.5,249.1,0
96.7,25.0,61.5,4.28,330.0,89.4,3.7,992.3,169.6,81.7,228.8,1
245.3,30.9,46.8,0.72,1775.1,74.6,50.0,996.8,38.4,50.4,76.2,0
34.0,45.0,40.6,6.03,622.3,93.1,85.4,994.2,61.6,24.7,66.7,1
107.4,36.9,85.4,1.77,873.6,66.9,58.8,992.3,32.5,18.5,48.0,0
21.5,23.9,80.4,5.11,124.4,45.5,27.7,1008.5,101.3,52.6,191.5,0
239.6,39.0,78.0,2.75,288.8,84.1,39.8,1050.0,46.6,51.8,79.6,1
166.5,16.0,81.2,1.16,1503.4,54.3,68.0,990.1,35.8,68.8,39.7,1
50.9,11.1,61.8,2.05,519.7,59.9,89.1,998.6,64.3,52.4,79.8,0
184.4,17.2,52.5,5.12,345.4,54.1,4.1,1004.0,143.7,22.9,71.4,1
68.5,21.9,45.4,13.44,185.3,10.0,7.2,991.3,31.7,55.7,62.5,0
172.3,27.9,43.2,3.37,1752.4,90.3,32.5,1027.0,110.3,91.6,45.7,1
75.3,31.5,89.2,12.41,1242.7,65.8,23.3,957.6,33.6,24.3,216.6,1
77.8,41.9,55.1,0.72,1185.5,62.3,26.5,994.4,8.7,72.1,72.7,0
51.8,27.8,86.1,2.92,2231.7,53.6,22.1,1021.4,68.3,63.4,49.3,1
117.3,27.5,61.3,3.37,578.7,58.6,19.6,999.1,27.1,77.4,36.8,0
82.2,11.8,51.5,5.31,204.4,41.9,13.1,988.6,35.8,23.6,124.1,0
109.0,11.2,43.1,2.11,785.9,68.6,93.4,1013.8,24.0,94.7,154.8,0
16.5,29.3,53.2,4.57,2517.9,26.2,14.4,1023.1,183.0,65.9,60.0,0
176.4,25.3,93.4,3.03,798.2,59.1,20.4,1009.2,68.6,86.2,49.4,1
206.0,39.4,43.3,8.13,1664.4,67.4,24.6,989.0,47.3,32.2,196.9,1
81.9,15.6,100.0,4.07,212.6,50.6,93.3,1014.1,23.4,76.5,31.9,1
269.7,10.9,48.2,15.0,396.1,63.2,75.6,997.0,61.9,80.3,69.5,1
230.2,25.7,80.0,3.05,1442.0,33.2,79.0,1019.9,114.4,45.8,85.7,1
119.1,18.3,62.1,7.78,860.3,33.8,10.5,1034.7,72.9,44.6,111.2,0
185.9,11.7,58.6,9.48,696.8,60.2,83.6,952.9,130.0,69.2,81.7,1
154.8,35.4,39.6,0.19,1648.8,69.9,40.8,1007.2,198.1,18.4,127.7,1
12.2,13.9,63.0,5.97,1428.6,13.8,26.3,970.3,50.6,76.2,45.4,1
60.4,31.3,41.8,2.96,877.8,66.5,57.6,1050.0,37.7,13.9,216.6,1
124.9,19.8,31.4,1.32,45.2,43.0,82.2,995.6,191.9,27.2,35.3,0
215.0,16.1,67.4,8.22,760.7,50.8,77.9,1019.9,81.8,69.8,43.0,1
20.0,23.3,52.3,2.22,1040.0,25.5,89.0,1004.3,57.0,18.8,117.0,0
13.2,38.1,98.7,0.67,128.4,36.3,92.8,988.9,146.7,97.5,127.6,0
71.8,23.7,85.0,4.14,1014.6,76.3,23.8,986.6,11.1,88.2,10.8,0
7.6,36.3,98.9,9.06,1700.1,55.7,42.4,1036.7,56.1,66.4,145.3,0
69.9,14.4,51.4,1.34,759.6,46.6,1.5,1024.1,55.8,83.7,117.1,0
98.4,37.0,67.7,6.53,310.3,52.4,87.9,1043.9,129.5,89.9,31.5,1
32.6,18.3,20.0,0.48,54.6,65.8,15.5,1006.1,134.9,33.4,112.4,0
71.4,33.7,59.4,9.49,1029.3,64.7,86.1,1010.8,179.1,86.4,51.5,1
145.3,29.8,67.0,4.78,147.8,53.3,32.9,999.7,33.8,27.5,155.4,0
48.2,42.5,68.1,1.21,1178.6,79.0,36.8,999.3,95.7,47.2,210.7,0
37.7,23.6,64.2,6.12,2437.7,76.4,3.9,984.2,14.7,60.2,160.5,0
69.0,12.3,66.3,2.33,412.6,64.1,32.7,1006.7,68.6,74.3,239.1,0
29.5,10.7,20.0,1.62,634.8,56.2,88.8,989.2,34.9,12.7,94.3,1
256.8,38.9,70.1,2.28,2530.4,69.5,2.6,1013.8,51.1,36.1,26.3,1
77.1,28.4,74.7,5.7,831.7,61.9,40.6,1008.4,164.4,64.8,78.8,0
41.3,37.1,91.8,1.53,524.0,78.3,3.1,1010.8,33.2,42.2,70.1,1
88.1,18.2,72.4,0.28,1538.5,74.8,37.1,1038.5,21.3,79.8,80.4,0
68.7,22.1,62.4,2.38,548.2,32.6,17.3,1004.2,105.5,68.6,63.1,0
62.9,11.1,87.1,8.45,388.7,31.1,25.2,1020.1,6.0,31.1,145.0,0
48.2,43.7,20.0,8.38,1165.7,39.6,87.8,1046.0,41.3,23.1,70.8,1
46.3,33.4,54.7,2.28,1624.2,76.5,43.6,1031.1,7.5,66.6,91.7,0
16.9,42.7,49.7,2.21,386.2,20.3,27.4,1028.1,17.2,50.5,17.2,0
185.7,19.3,64.3,2.1,884.4,63.7,58.9,998.9,7.3,25.2,84.3,1
113.7,31.4,21.0,2.02,657.2,63.0,14.2,1009.6,89.9,39.4,26.5,0
94.6,33.7,91.4,2.14,743.1,80.6,25.9,978.6,67.5,37.3,17.7,0
67.8,21.1,60.0,4.29,313.2,59.0,54.6,1015.0,14.5,19.7,176.1,1
32.1,39.7,71.4,8.59,1229.5,25.4,23.8,1010.5,11.0,59.2,158.1,1
39.1,43.2,69.5,1.53,2098.5,33.9,67.9,1005.5,40.1,78.7,192.7,0
19.0,41.0,90.2,1.8,378.3,29.0,49.1,1025.5,57.5,61.8,144.8,0
43.4,35.9,27.8,4.66,1228.8,43.2,77.2,980.8,214.0,84.4,219.3,0
28.1,19.7,67.2,5.93,1514.1,51.0,94.8,1037.7,6.2,21.5,30.2,1
221.9,19.9,87.9,0.87,879.5,29.4,11.6,1023.0,19.3,49.2,12.4,0
138.8,43.7,63.0,10.76,1192.1,87.4,33.5,1003.6,124.1,64.8,29.8,1
79.6,10.4,46.0,2.76,418.5,25.8,32.0,1002.0,116.7,70.8,140.4,0
35.3,35.1,52.9,0.96,2019.8,84.6,15.1,1014.6,92.4,72.6,71.0,1
29.4,34.7,57.1,0.82,1632.7,81.1,81.0,1035.4,90.8,75.6,100.1,0
64.5,31.8,50.6,0.77,1761.0,74.8,76.0,1007.0,73.1,68.6,277.4,0
142.7,44.7,61.9,7.68,264.8,39.7,48.4,1007.9,76.0,18.5,41.3,1
19.6,20.9,95.2,3.77,1086.5,62.5,53.8,1005.4,63.2,72.6,24.5,1
112.7,21.9,53.1,7.72,446.0,26.9,6.0,1040.6,72.0,75.2,232.6,0
43.2,12.8,55.2,3.25,2136.2,75.0,55.6,997.6,60.4,99.4,82.2,0
50.1,25.5,74.2,7.58,385.6,53.4,79.1,1004.4,221.6,72.4,65.1,0
77.9,19.1,61.5,3.19,906.3,46.0,57.4,1034.3,73.7,71.8,192.0,0
36.3,22.0,38.4,5.3,88.9,28.1,26.5,1007.9,23.8,56.3,171.8,0
62.0,39.2,63.8,3.43,902.8,10.0,66.8,1027.7,19.1,88.1,385.1,0
33.7,42.7,63.0,3.04,267.8,32.2,36.1,986.8,69.5,99.7,140.9,0
46.2,16.5,84.5,1.67,1126.8,79.5,54.5,1000.9,43.7,80.1,42.1,0
128.0,23.0,45.6,5.82,672.8,46.1,48.8,1034.7,3.2,65.1,33.5,0
80.9,42.5,84.6,1.35,561.6,51.3,38.1,991.5,80.8,17.1,43.6,0
127.7,12.2,63.0,5.82,2172.4,69.4,71.9,1002.0,30.0,75.4,219.8,1
42.7,13.2,42.8,3.9,3000.0,94.7,88.4,1010.1,69.5,73.8,146.8,0
113.3,15.7,38.8,5.93,195.4,84.2,0.5,985.2,60.0,79.8,32.3,1
14.6,30.8,100.0,4.16,576.7,33.6,93.4,996.7,44.1,21.2,174.2,1
77.8,15.3,61.8,8.15,1368.4,12.3,51.2,1007.3,26.2,68.8,67.5,0
118.6,43.9,83.7,4.94,996.6,100.0,70.1,1005.9,71.0,36.6,83.5,1
14.0,25.6,30.8,3.97,1316.2,100.0,85.6,1030.6,65.3,78.4,200.0,0
43.1,27.6,100.0,0.24,711.5,59.1,46.7,1035.8,34.7,31.6,100.3,1
77.8,18.6,82.9,8.37,1679.1,27.0,83.5,987.9,78.0,71.6,254.7,0
150.0,26.5,59.9,0.76,877.1,76.2,17.8,1007.2,44.9,36.5,8.0,1
46.2,33.2,58.9,1.05,1039.9,52.6,15.9,1018.5,57.2,10.8,218.0,0
110.2,36.3,79.7,6.32,268.2,52.5,65.7,1035.3,29.6,67.0,106.4,1
193.8,36.4,78.5,3.67,811.2,74.7,87.0,1019.4,90.2,20.2,192.1,1
113.8,30.2,68.7,0.8,1378.8,62.4,89.2,1010.8,138.7,69.3,8.0,0
63.8,41.7,65.2,2.21,956.6,28.9,64.4,1018.3,56.6,93.3,23.7,0
98.7,38.6,76.2,8.07,838.7,47.9,52.5,1018.5,76.2,97.2,187.4,1
45.1,36.5,30.2,4.07,1087.4,69.5,33.1,986.4,8.7,31.2,18.3,0
80.1,11.9,57.6,3.74,873.4,66.2,98.0,1008.9,49.9,82.8,52.4,0
66.3,10.2,32.1,1.98,730.1,60.8,32.0,1034.2,89.7,41.8,82.2,1
96.4,17.4,77.1,6.48,1408.8,75.5,74.4,1000.9,91.6,91.0,151.5,0
53.5,33.2,51.5,3.33,691.3,47.0,53.2,1007.6,51.9,80.9,183.7,0
100.3,24.4,33.6,5.66,252.0,58.9,60.9,1000.1,19.6,16.7,116.2,0
53.1,24.1,49.1,1.81,2107.2,10.0,39.3,958.7,105.9,46.6,253.7,0
137.8,41.0,68.0,13.49,457.7,45.1,96.5,1005.4,112.9,40.4,128.5,1
57.6,41.3,60.9,9.09,185.2,71.8,57.2,1011.0,85.2,80.7,56.8,0
8.0,41.8,41.5,4.04,1185.2,46.4,93.8,994.8,60.2,46.9,175.0,0
30.4,21.0,30.9,4.71,2288.3,44.7,0.8,981.9,18.3,71.6,55.9,1
76.1,34.2,66.5,2.23,1205.3,32.1,57.3,987.4,152.6,64.2,120.9,0
220.6,19.5,53.4,5.98,1908.8,77.1,71.7,1020.3,76.5,97.8,64.9,1
134.2,16.7,59.8,0.32,348.1,67.1,74.5,1044.5,27.1,94.4,5.2,0
5.9,16.5,61.8,10.65,255.6,73.2,90.5,1032.6,12.2,48.5,137.8,0
17.7,22.0,73.6,5.74,574.9,17.0,0.4,978.1,9.6,75.1,79.3,0
163.0,25.0,81.9,1.5,1595.1,51.5,0.0,1022.1,69.4,84.7,27.9,0
118.1,39.1,67.9,10.48,1129.7,48.8,47.2,991.7,115.2,90.9,484.4,0
299.4,14.2,58.6,12.73,1190.0,48.8,2.9,993.4,110.1,16.1,142.9,1
51.4,35.7,65.5,4.9,838.4,41.4,97.5,995.8,28.3,37.2,133.9,0
35.7,28.6,58.2,1.84,584.2,47.4,22.2,1019.1,143.5,38.8,8.3,0
79.2,20.1,32.1,3.78,867.2,73.7,47.3,1024.2,154.6,49.1,60.0,0
50.5,27.2,86.8,5.42,672.5,12.9,6.1,1003.0,107.3,25.2,71.4,1
152.9,20.5,83.1,4.61,551.4,94.1,52.2,1003.4,11.6,54.7,93.4,1
49.1,30.9,100.0,1.5,1016.5,65.6,38.0,1014.3,40.5,69.7,29.4,0
60.4,25.2,100.0,5.35,622.5,54.1,4.5,1016.4,53.4,54.8,59.5,1
31.3,15.8,41.5,8.01,933.3,75.0,33.5,1028.5,101.1,69.9,63.2,1
128.1,14.1,58.3,1.18,102.1,23.1,39.1,979.3,108.8,16.0,64.5,1
33.2,29.1,100.0,1.33,876.9,40.4,99.0,1005.4,76.5,88.8,57.6,0
101.7,41.6,64.2,2.15,619.4,52.3,20.8,983.6,59.4,94.5,270.1,1
245.4,22.0,69.9,3.09,1978.1,85.0,54.5,1004.0,50.6,65.6,143.0,1
11.9,35.7,34.6,6.6,176.4,54.0,98.7,1000.5,66.9,89.3,26.6,1
199.8,33.1,68.0,7.95,828.8,64.9,79.2,1004.1,27.3,21.8,103.0,1
92.5,42.6,100.0,1.77,1390.4,42.0,99.3,989.0,110.7,81.8,26.7,1
26.8,38.7,90.7,4.26,693.8,65.7,96.8,975.3,22.5,20.7,94.0,0
81.5,29.8,52.8,7.73,602.6,91.9,49.0,963.1,32.6,46.7,55.2,1
125.6,33.0,57.1,13.99,1387.1,76.9,69.6,1002.4,8.5,39.1,98.9,1
37.8,41.4,42.4,4.25,1109.9,53.2,11.0,996.4,32.2,62.7,75.5,0
105.9,24.0,48.0,4.42,1170.2,69.9,44.1,991.5,65.9,37.1,9.1,1
210.9,21.4,26.8,4.92,552.3,67.7,80.9,1031.5,154.4,67.4,98.2,1
49.0,10.4,63.3,2.84,496.6,66.1,50.5,987.8,32.1,43.1,51.9,1
30.9,38.9,95.2,4.01,934.1,79.5,70.3,1033.3,48.5,87.5,111.2,1
67.9,38.0,72.1,0.44,1467.7,79.3,74.6,1037.5,79.5,67.0,131.1,0
78.3,13.7,92.3,2.24,221.1,52.2,25.3,966.0,45.0,29.4,73.5,0
158.2,30.2,86.5,5.29,713.2,69.1,87.6,1006.8,117.0,40.3,6.2,1
66.2,26.2,54.1,1.67,515.4,46.6,46.0,997.0,8.4,86.3,124.4,0
52.8,14.2,49.8,6.7,780.9,34.7,21.0,950.0,86.8,44.8,110.1,1
30.2,44.3,50.6,0.65,1300.4,49.1,86.5,976.1,63.6,58.2,11.6,1
14.1,17.5,30.7,6.52,379.0,53.3,41.8,1020.5,29.0,68.4,13.8,0
22.2,12.4,65.6,6.51,1200.0,18.4,75.0,1045.4,101.4,41.3,38.1,0
22.1,30.8,20.0,14.15,567.7,73.9,54.8,1023.1,104.4,36.5,73.7,1
60.9,35.9,76.8,2.75,1628.5,10.0,38.2,1011.5,24.5,52.8,91.3,0
17.2,11.1,66.4,3.67,399.0,100.0,81.0,1004.6,76.0,29.3,91.1,1
71.9,33.1,74.4,9.97,1453.7,88.0,58.4,1038.7,60.9,35.6,19.4,1
241.9,28.6,86.1,9.13,245.5,49.3,39.1,1048.0,9.3,15.6,75.2,1
161.3,13.6,69.0,7.39,888.6,55.2,11.0,993.3,72.7,37.4,5.5,0
60.4,16.0,97.6,4.72,1217.9,61.7,89.5,965.0,166.1,38.9,87.2,1
300.0,29.9,77.4,9.79,408.5,42.0,3.5,963.0,71.8,96.6,108.5,1
78.5,20.4,49.9,15.0,529.7,59.2,86.3,1031.4,48.8,63.1,36.0,1
87.1,42.8,60.2,5.64,787.3,51.8,36.0,1004.1,115.3,80.9,375.3,0
66.9,38.7,20.0,3.81,600.9,52.9,63.9,1008.7,90.1,14.1,23.8,1
73.1,44.4,47.0,6.13,489.2,59.0,92.2,969.2,24.4,19.6,149.2,1
47.7,19.1,57.4,4.2,1401.7,26.1,15.2,989.9,68.6,83.3,24.7,0
61.1,43.9,75.9,2.94,1742.1,55.9,56.7,999.1,43.1,66.1,32.9,1
200.7,25.1,50.0,6.72,1673.2,58.6,76.4,1009.2,22.0,27.2,90.4,1
173.2,22.2,40.1,2.43,1077.1,57.8,75.8,997.0,129.5,46.4,500.0,1
7.5,11.8,27.2,5.56,1182.8,50.3,52.6,984.3,76.4,58.5,177.8,1
19.3,11.8,53.1,0.83,350.7,80.0,62.5,989.3,84.5,85.9,18.8,0
38.3,34.2,100.0,10.97,732.9,47.2,75.8,1029.2,45.4,15.4,130.3,1
143.5,26.0,70.4,1.88,837.0,60.0,84.1,1009.9,50.0,63.7,156.4,1
175.8,17.9,83.8,1.03,959.0,83.5,76.2,1017.2,129.8,74.5,87.2,1
125.2,31.5,47.0,8.92,946.8,53.3,35.4,987.0,53.5,98.0,160.8,0
26.7,18.9,33.5,10.06,788.8,59.7,99.7,950.0,50.9,82.6,209.2,0
48.5,30.2,40.6,4.65,1068.2,52.9,43.5,994.5,110.3,34.9,30.5,0
107.2,22.6,63.1,3.4,916.4,82.2,2.4,987.7,63.0,73.9,93.3,0
61.9,38.8,25.1,2.8,914.8,49.3,36.3,1012.0,90.2,78.7,43.1,0
55.3,38.7,44.9,4.47,432.6,83.2,12.8,1050.0,111.9,75.7,36.6,0
55.9,26.7,53.3,3.55,280.8,52.7,12.1,1018.9,57.6,83.8,20.5,0
164.5,22.3,38.6,3.22,962.5,36.1,28.2,1050.0,37.7,91.3,357.3,0
115.0,22.7,22.5,1.71,548.9,69.9,5.3,1016.4,8.7,18.9,96.7,0
58.4,38.2,70.8,1.28,450.1,48.3,68.9,992.4,37.8,19.4,175.1,0
95.6,21.5,65.9,3.92,1239.9,68.7,7.4,1012.0,22.1,81.7,98.6,0
23.3,17.3,80.6,4.37,738.9,10.0,20.3,1040.6,75.7,32.7,134.6,0
48.5,13.0,42.8,1.98,1914.6,55.1,9.3,1041.6,33.8,15.3,23.2,0
153.9,26.3,80.2,2.24,1149.3,44.9,6.3,993.5,20.7,46.1,14.3,1
16.0,26.9,95.6,4.36,409.8,31.6,26.8,1010.1,17.3,83.8,3.4,0
116.0,39.4,70.2,1.67,1250.5,42.8,57.2,976.4,61.9,21.4,106.7,1
7.4,17.7,52.8,7.59,1032.3,42.4,96.5,1021.5,76.7,70.5,7.6,0
223.0,23.3,67.9,5.4,396.4,53.9,87.6,1036.1,20.2,10.3,13.9,1
47.6,38.3,51.8,1.97,495.7,24.9,87.6,1005.8,19.2,19.9,105.5,0
100.7,38.8,48.5,5.21,1209.7,62.0,17.6,991.7,22.7,41.6,137.1,0
81.8,23.5,78.7,1.7,138.9,85.1,26.5,1012.2,44.2,17.5,429.1,0
84.1,26.1,62.2,6.53,84.6,61.2,7.6,1013.3,68.0,86.1,9.2,0
94.3,20.6,89.1,1.77,877.4,72.8,77.8,1006.6,46.6,87.8,26.3,1
13.1,42.6,56.2,3.35,829.7,79.1,7.0,1008.6,32.7,78.0,38.8,0
85.4,14.2,58.2,4.1,935.4,82.2,55.7,1001.5,50.5,31.8,92.1,1
64.8,42.7,53.7,9.96,831.5,96.1,24.8,1024.9,77.1,57.1,5.0,1
47.8,33.9,42.6,1.87,1058.5,44.0,24.3,1019.7,47.7,26.6,270.6,0
38.3,28.6,81.3,1.8,1758.1,39.2,99.1,985.3,104.5,35.3,51.4,0
87.0,11.1,100.0,0.89,776.2,72.2,75.7,984.8,116.2,56.4,36.9,0
31.3,26.6,57.4,11.95,203.4,70.6,83.7,999.9,41.1,76.2,12.7,0
152.1,24.3,51.4,3.77,120.4,72.1,57.2,1019.7,103.8,18.5,10.5,1
105.9,15.6,50.1,7.72,588.5,96.6,87.1,1008.0,78.7,36.7,89.3,1
90.9,33.0,51.4,2.27,600.9,55.3,64.5,992.1,154.8,93.4,132.5,0
147.8,44.0,98.0,2.46,239.9,64.4,94.6,1010.2,32.2,48.6,46.9,0
10.8,29.7,50.6,3.54,65.3,33.4,28.1,998.4,193.0,94.5,14.1,0
22.5,35.0,53.3,3.62,554.3,100.0,59.5,1022.6,10.1,99.2,18.2,0
109.3,12.4,40.2,5.97,2280.5,47.6,69.0,1011.7,35.0,57.4,114.7,1
40.2,24.6,70.9,3.85,1027.8,48.2,39.3,998.7,13.0,35.9,265.2,0
44.8,14.1,63.7,2.71,964.5,47.4,88.0,1009.6,183.7,81.2,423.6,0
19.4,31.4,42.3,12.09,677.9,40.8,98.0,1031.3,115.2,24.3,62.6,0
31.4,42.8,47.1,1.69,587.7,39.0,49.4,993.6,91.7,32.7,61.1,0
154.4,33.2,95.7,1.88,1102.6,43.5,39.1,1013.1,145.2,80.6,158.9,1
107.5,12.7,65.7,1.71,268.4,25.0,47.2,1003.6,41.7,49.0,81.1,0
86.3,22.4,67.0,6.13,2676.6,37.7,85.3,1013.5,11.5,28.1,13.4,1
46.3,29.3,67.1,5.09,288.1,97.9,64.5,991.9,60.4,68.6,66.3,0
82.3,24.1,92.9,3.23,1173.5,71.2,4.5,1007.2,14.1,75.9,100.4,1
163.5,39.2,44.1,1.63,313.7,75.4,54.2,1027.2,64.2,21.3,88.6,1
41.1,38.5,57.1,4.09,847.0,80.9,1.7,986.3,191.1,34.9,60.1,0
73.0,31.4,61.6,6.74,1262.4,95.4,77.9,978.4,58.2,29.9,158.2,1
232.1,23.1,30.6,10.23,164.4,16.0,32.8,979.2,179.6,44.2,94.3,1
124.1,18.9,46.7,2.19,346.3,27.9,47.2,981.6,19.0,78.7,3.2,0
46.8,13.7,85.9,3.23,367.2,37.3,79.9,1016.9,88.7,74.2,57.9,0
117.2,22.4,80.2,5.06,627.8,44.7,4.6,976.9,64.2,69.6,84.7,1
15.8,24.5,83.7,2.69,926.1,48.4,15.9,999.0,52.5,10.6,5.2,0
70.8,33.7,53.2,1.05,2311.2,45.2,39.8,1017.4,45.4,22.8,86.6,0
117.1,33.0,55.7,3.24,492.0,59.8,23.0,1013.3,82.7,30.1,192.7,1
99.3,12.5,29.2,1.19,2214.5,55.8,33.8,997.3,118.4,34.5,10.5,1
116.4,23.8,83.6,7.14,1002.1,39.1,99.8,1008.8,58.2,23.2,40.7,1
134.6,16.4,86.9,2.87,278.9,10.0,82.5,1007.1,137.8,46.9,88.5,0
105.0,15.5,86.7,3.5,680.3,33.2,88.4,1000.5,9.7,16.8,140.3,0
102.8,39.0,97.1,1.92,207.0,42.9,93.7,1000.8,109.6,77.5,73.3,0
87.7,11.5,73.4,3.6,588.8,49.6,34.1,1049.7,145.2,80.9,22.0,0
28.1,24.7,96.1,8.63,556.7,30.1,29.7,1021.2,23.8,61.7,242.0,0
154.3,15.9,61.0,7.68,857.4,44.2,23.4,1050.0,215.7,18.1,279.7,0
72.7,40.8,29.7,1.38,1176.3,30.1,83.0,995.1,123.9,90.1,45.8,0
122.0,29.5,82.2,0.1,722.0,52.2,68.0,1003.3,50.6,96.9,42.8,0
143.8,18.1,28.9,3.26,309.8,31.4,23.6,978.4,43.6,28.2,84.8,1
48.8,27.6,68.4,2.88,1909.2,36.3,37.7,988.8,41.9,73.4,47.1,0
52.5,35.6,84.1,2.74,2409.5,26.2,50.7,1043.0,50.8,85.8,85.9,1
58.4,43.5,71.5,2.31,668.7,51.6,52.8,994.6,85.7,58.6,140.6,0
174.2,17.7,100.0,1.35,970.5,35.9,88.9,1043.4,34.5,39.1,103.2,1
34.1,41.0,25.7,14.79,640.2,74.9,38.1,980.1,57.1,53.1,71.2,1
194.4,42.7,63.3,11.94,862.6,63.9,90.9,983.9,17.0,56.1,30.5,1
87.0,42.1,65.3,2.65,896.7,53.5,44.1,998.2,97.0,46.1,281.5,0
91.6,32.2,38.1,4.05,243.6,37.5,74.6,1003.7,66.4,93.7,131.2,0
139.5,32.0,41.9,7.23,597.7,63.4,93.0,1023.5,16.0,76.9,156.7,0
79.9,24.1,48.1,4.04,1541.0,70.2,90.8,1014.0,99.2,31.7,292.6,0
155.5,36.3,43.0,2.47,1451.1,58.1,5.7,996.7,15.1,62.7,71.5,0
48.8,28.6,62.8,1.07,588.9,90.3,20.6,1002.3,92.0,72.0,236.3,0
190.3,33.7,52.9,3.7,909.3,65.1,47.7,998.6,65.5,22.6,252.2,1
52.0,25.0,71.4,1.21,624.9,75.1,43.2,986.7,77.7,42.3,68.8,1
195.1,35.6,78.0,8.24,1208.1,57.9,64.1,987.2,44.1,91.5,347.7,1
53.1,38.9,76.6,3.58,162.9,69.9,94.5,1025.6,10.1,61.0,106.4,0
59.8,15.1,56.8,5.35,1104.7,37.5,11.2,968.4,44.1,29.5,163.6,1
30.5,39.2,70.7,2.81,1994.6,44.9,45.2,1037.3,22.7,21.1,93.3,0
38.7,28.9,85.7,6.56,428.6,62.7,19.2,998.1,91.6,56.6,134.4,0
73.0,39.6,73.9,2.15,1816.9,62.5,89.4,989.5,70.8,59.3,26.4,0
89.4,25.1,100.0,4.56,942.9,66.2,96.5,1019.8,32.3,40.1,196.2,0
147.9,23.3,84.6,2.73,720.6,79.2,47.9,1034.7,35.2,66.7,46.8,0
63.2,42.0,99.4,3.07,585.3,23.7,10.4,1027.4,166.0,16.2,459.8,0
99.5,18.8,20.0,7.17,1859.7,33.6,78.5,1015.0,133.4,23.1,31.9,1
85.1,39.5,66.9,1.91,626.6,60.1,69.7,1026.7,65.5,59.2,80.6,1
107.4,26.9,58.5,4.79,2194.7,39.1,35.5,970.7,145.9,15.6,61.6,1
43.7,28.0,62.5,8.9,2030.0,100.0,88.7,994.6,46.5,89.3,17.3,1
48.2,20.8,48.9,6.99,520.1,66.3,97.6,986.8,111.1,22.8,259.1,1
43.7,30.1,72.9,2.2,663.7,53.3,55.8,1029.5,31.9,70.7,42.5,1
167.5,21.4,28.8,5.27,112.8,43.7,56.6,997.3,35.9,45.2,97.5,1
191.5,11.4,73.1,0.65,738.8,44.4,29.8,1021.9,34.0,46.0,35.5,1
46.5,19.5,49.6,7.33,810.6,55.7,58.5,1015.7,116.7,78.8,199.9,0
47.3,10.2,55.0,15.0,1653.0,57.5,44.0,987.8,39.7,55.0,71.8,1
118.1,44.2,73.8,4.59,2103.0,45.0,30.2,993.3,150.4,75.3,108.0,0
205.6,43.8,66.6,9.2,1288.3,49.0,6.7,1030.9,45.6,55.5,80.1,1
235.2,23.8,86.1,1.02,1562.4,84.6,25.3,989.5,74.6,63.4,119.9,1
44.7,35.5,45.6,1.49,663.3,85.5,19.8,1007.5,114.9,78.5,247.6,0
54.7,22.1,63.4,2.8,259.0,60.5,54.2,989.3,14.2,64.7,80.7,0
92.9,33.5,82.8,3.24,941.6,25.5,60.2,998.7,41.8,65.4,140.3,0
96.2,38.2,72.2,4.61,1634.2,66.8,60.9,1004.1,114.1,81.0,73.8,0
65.2,43.1,73.5,2.21,31.9,89.2,38.8,989.3,38.1,95.4,28.7,0
37.5,24.0,87.2,4.08,839.8,85.1,42.1,985.8,22.7,43.9,108.6,0
73.1,37.4,56.9,7.16,132.3,71.2,83.4,1010.7,23.9,61.9,33.0,0
235.0,19.3,52.7,5.26,399.0,86.3,47.6,988.1,84.4,17.8,68.3,1
48.8,44.7,76.5,2.73,865.0,56.2,98.8,988.8,142.6,42.3,11.8,1
88.8,10.9,62.0,6.2,2125.8,68.8,44.0,986.2,95.1,47.1,100.5,0
300.0,31.1,87.4,2.64,777.8,40.0,65.0,1003.4,35.4,85.2,76.5,1
48.2,33.1,72.4,3.91,1230.3,61.4,5.0,1023.9,126.8,56.2,96.5,0
122.0,34.1,52.5,6.91,934.9,84.2,65.3,1035.1,41.4,75.8,98.8,1
241.6,14.2,71.8,3.17,420.5,42.0,85.1,990.5,33.3,11.7,128.1,1
114.8,42.8,46.9,1.19,1071.6,36.0,94.2,1048.0,66.7,51.8,144.6,1
159.6,16.3,83.9,3.83,252.2,57.1,99.7,984.9,134.5,91.1,436.6,1
133.5,31.8,37.1,6.95,769.3,50.0,28.2,1026.7,59.6,30.2,286.4,1
108.5,17.8,89.4,7.39,1836.2,69.3,57.5,990.6,69.4,12.8,141.6,1
187.4,20.8,71.4,1.43,883.1,45.0,45.1,987.6,25.8,49.0,65.4,0
119.4,29.1,61.7,6.03,935.2,92.8,56.4,990.1,25.4,73.4,66.6,1
65.7,24.6,80.3,3.02,588.1,26.6,15.7,1004.0,10.4,50.9,4.5,0
83.9,15.6,75.2,9.61,175.9,82.6,85.6,1016.6,25.3,51.4,32.8,1
98.5,16.0,91.6,1.22,643.2,38.2,91.0,1018.4,26.3,70.3,74.3,0
54.4,24.6,91.4,5.95,1400.9,15.5,45.0,986.1,70.7,32.9,108.0,1
86.7,36.5,72.0,2.77,1023.1,60.2,28.0,985.2,98.8,77.7,500.0,0
77.7,41.4,47.6,2.24,266.8,49.4,14.1,986.7,38.3,23.8,124.8,0
119.1,12.9,54.2,7.12,124.5,30.6,68.4,1002.8,12.5,45.6,146.1,0
283.9,23.8,63.6,7.89,416.2,18.0,31.2,1000.8,62.0,69.0,27.5,1
90.4,13.5,86.6,0.45,648.3,54.8,91.0,986.0,143.9,84.6,50.8,1
209.0,10.6,55.9,7.21,685.2,76.5,67.1,1010.4,83.2,81.2,74.8,1
116.1,33.2,57.5,3.48,692.2,67.9,64.6,1050.0,29.2,75.0,17.8,0
86.4,31.1,100.0,3.75,772.0,56.2,55.9,994.9,114.4,42.3,122.0,1
51.9,15.7,62.9,1.15,1047.6,65.5,4.6,996.3,17.1,21.0,42.8,1
86.9,18.2,52.3,5.68,556.3,54.4,93.2,1016.2,27.7,29.5,23.5,1
83.0,10.8,80.5,15.0,340.4,23.5,62.8,993.8,148.0,87.8,174.3,0
41.2,39.2,63.9,2.36,1134.9,23.7,99.4,1018.4,38.6,87.2,75.0,0
47.0,44.1,37.2,8.4,1424.1,50.5,53.7,990.6,111.9,95.6,112.8,0
99.1,14.7,85.8,3.64,486.4,51.5,71.0,1041.6,51.9,16.8,24.0,1
207.7,18.1,50.1,2.44,2688.7,73.7,5.6,1011.9,82.2,58.3,159.7,1
71.2,40.4,65.9,0.94,2050.7,71.7,63.2,992.6,31.2,68.4,132.6,0
18.4,42.4,63.6,9.21,285.6,68.3,76.5,993.2,77.8,74.0,92.9,0
29.9,24.7,69.6,3.99,135.5,48.8,77.9,994.7,59.1,67.9,156.4,0
124.1,11.8,21.2,2.55,670.7,24.6,77.0,1032.5,33.5,79.3,51.0,0
22.5,11.4,58.3,2.91,939.7,64.1,22.6,979.6,43.1,42.4,62.0,1
138.0,30.1,87.5,6.0,2662.9,66.6,97.5,991.6,16.6,26.1,59.8,1
119.5,23.8,90.3,2.54,2604.6,10.0,99.5,993.8,84.7,28.4,13.2,1
69.4,11.0,45.2,1.62,1232.4,36.6,7.6,1004.7,127.4,11.1,71.9,1
41.6,30.4,83.4,3.35,565.7,39.8,93.6,999.6,37.1,41.5,86.4,0
61.8,10.4,49.8,3.27,1701.9,57.6,28.9,975.2,60.9,18.3,47.5,1
97.4,37.6,57.5,3.22,844.0,37.3,68.9,997.0,38.5,38.9,75.1,0
23.3,20.7,58.6,2.57,229.6,54.2,33.8,1003.0,39.8,66.5,80.0,0
194.0,11.4,67.2,8.6,238.5,50.4,96.8,992.4,10.0,90.5,148.9,1
96.7,30.6,85.0,15.0,568.8,51.5,10.2,1018.7,6.9,85.6,155.2,1
104.8,23.9,70.3,1.44,1514.1,39.2,49.8,1023.4,129.3,32.7,261.6,0
118.9,44.1,62.5,0.37,309.1,40.9,42.8,1003.4,9.0,22.1,51.3,0
181.7,29.0,84.3,3.04,567.8,31.2,32.6,1009.6,70.4,27.4,209.7,1
87.0,19.6,48.9,0.43,2038.9,63.4,64.6,961.8,95.0,97.4,182.4,1
124.2,34.8,63.5,0.84,1021.8,67.6,13.1,996.6,66.0,59.5,21.0,1
42.2,19.5,84.9,2.39,1109.5,38.0,71.7,1025.1,46.2,26.4,193.6,0
235.8,41.6,75.6,5.97,1551.8,88.5,98.1,996.5,133.4,85.7,21.1,1
82.7,23.1,55.7,3.01,577.3,48.1,80.5,990.3,22.1,45.6,95.2,0
42.0,29.2,34.7,0.24,2131.5,88.7,86.0,1050.0,19.4,90.9,220.9,0
52.0,11.8,71.2,2.98,1258.4,40.9,36.0,1041.4,52.3,33.5,5.5,0
10.1,24.9,33.4,3.16,702.7,10.4,32.5,1014.4,58.5,45.4,136.8,1
51.7,39.1,60.7,3.2,1868.4,63.8,51.7,1027.8,144.3,55.4,24.2,1
3.9,38.2,88.6,7.76,1219.8,60.5,4.6,960.5,42.3,90.3,266.4,0
130.5,17.9,76.9,6.89,758.2,55.8,94.5,989.2,212.5,88.2,177.7,0
102.5,17.9,24.5,3.88,1133.0,40.9,14.4,995.6,151.5,61.7,16.0,1
31.7,38.6,69.0,13.17,369.4,54.2,90.3,1000.3,70.9,30.0,54.9,1
72.3,42.6,58.6,2.39,1706.0,43.8,8.4,995.2,136.6,46.3,234.1,0
74.8,13.3,39.5,3.32,2633.3,48.3,82.3,954.0,140.6,97.8,115.6,1
25.8,25.8,71.7,3.6,167.5,73.5,15.2,1012.7,13.5,64.7,153.0,0
62.9,21.8,55.2,0.93,481.7,59.1,3.8,1015.9,101.4,80.3,61.8,0
76.6,40.5,55.3,3.66,448.1,68.4,71.9,1037.0,64.9,50.5,184.6,1
61.5,12.9,67.5,0.75,1314.3,49.9,28.0,989.2,23.9,57.9,314.1,0
41.9,17.4,52.5,2.08,904.1,47.5,71.4,987.6,51.1,48.6,28.5,0
30.6,36.3,66.9,4.01,544.9,29.6,55.5,951.4,147.7,73.3,58.3,1
59.8,11.8,53.1,1.09,615.0,46.9,10.9,999.1,98.0,86.6,115.7,0
46.5,27.2,54.2,4.69,504.3,10.0,93.2,1023.0,34.3,55.7,73.7,0
113.4,25.5,84.9,1.81,1201.4,42.0,45.2,992.8,172.1,53.3,113.4,1
189.2,21.7,86.9,2.72,893.1,53.2,73.4,1047.9,173.7,40.6,133.9,1
142.6,23.8,30.8,5.29,591.3,67.4,50.1,999.9,91.6,25.9,74.1,0
78.5,28.5,79.9,3.44,512.0,49.1,60.4,1007.9,97.7,94.5,48.8,0
43.3,15.6,93.0,4.61,1890.4,62.6,30.3,977.7,156.4,38.4,95.0,1
140.0,30.0,96.1,5.06,1676.7,10.0,20.0,1010.7,90.8,82.1,19.8,0
118.3,38.2,75.4,3.39,1211.3,53.7,54.3,965.4,34.8,74.4,43.5,0
180.5,36.6,43.9,4.8,1557.3,18.1,44.0,1018.9,26.7,81.2,64.1,0
87.1,15.4,77.6,2.05,231.9,28.4,39.0,1019.5,10.5,94.3,88.1,0
227.8,15.2,47.6,5.25,306.5,50.9,67.3,1032.2,100.9,66.1,251.4,0
87.1,19.4,58.1,3.05,275.7,83.1,69.1,984.6,62.4,90.8,10.5,0
43.2,22.6,72.7,8.75,776.2,63.2,4.6,1008.2,28.2,25.1,90.8,1
50.3,24.3,48.9,4.07,1592.5,55.4,33.9,1016.3,3.1,66.4,152.6,0
109.7,33.8,42.1,2.31,551.4,54.6,41.2,1013.8,12.6,79.5,70.1,0
46.4,12.0,74.3,5.31,1743.5,39.3,9.7,987.7,104.6,34.4,50.8,0
226.8,11.2,100.0,9.01,480.8,43.0,23.6,957.2,25.9,76.7,80.0,1
103.3,23.7,89.9,2.49,696.1,64.4,5.2,1011.9,24.3,80.1,52.0,1
77.2,34.4,79.1,2.16,546.2,24.5,99.6,1002.0,34.4,84.8,30.4,0
82.2,16.8,84.6,0.12,654.9,68.0,73.7,993.7,71.4,38.2,38.9,0
61.0,32.5,77.8,4.06,712.2,46.5,8.7,1020.3,61.8,71.3,39.7,0
13.8,19.1,74.0,2.82,130.8,73.2,2.0,1004.1,69.7,37.4,434.1,0
50.3,41.0,83.0,5.3,1001.3,76.1,71.9,978.6,23.3,76.5,104.5,1
208.6,41.3,37.6,5.38,699.4,18.2,43.9,966.4,75.9,51.7,76.1,1
88.8,20.4,69.0,0.97,2128.4,42.2,78.7,982.4,123.3,63.8,32.0,1
153.8,18.0,63.4,6.87,1169.4,36.2,92.3,1050.0,1.7,47.4,284.8,0
156.7,24.4,66.6,1.89,969.9,15.1,59.9,1019.5,44.2,24.6,145.8,0
72.8,18.4,55.8,2.51,2044.6,32.3,18.7,1008.8,37.2,26.0,160.9,0
119.6,33.5,75.4,4.71,1908.0,100.0,78.2,1001.4,45.3,17.0,255.6,1
15.6,38.9,48.6,1.35,2191.7,68.4,95.6,1000.1,24.1,65.6,52.4,0
197.6,33.6,54.3,2.17,506.0,97.2,58.0,1028.3,54.5,86.4,260.6,1
187.1,38.9,51.9,1.23,269.1,73.2,68.2,995.2,34.3,11.9,112.8,1
107.5,23.9,82.3,7.29,131.6,38.7,33.7,1016.5,17.7,16.0,203.2,0
91.2,15.5,64.8,2.69,1542.7,46.6,38.2,998.0,81.2,51.2,88.0,1
73.5,35.8,55.8,1.11,108.0,67.9,73.5,1043.8,135.2,76.4,53.6,1
165.8,22.6,57.5,1.19,903.0,64.6,92.8,1019.8,55.6,24.2,159.2,1
129.4,33.5,65.1,6.48,183.4,42.3,62.9,1029.9,101.5,34.4,26.6,0
55.9,19.5,97.4,1.74,1698.6,21.8,79.0,993.3,95.6,30.9,144.8,1
26.9,12.8,40.3,2.46,1104.1,100.0,17.2,1026.2,161.4,45.9,14.5,0
22.1,44.7,78.5,3.77,1692.0,51.9,21.2,998.7,94.2,30.2,36.9,0
164.7,15.5,74.4,2.84,917.4,47.8,53.2,1007.2,61.7,41.7,72.5,1
72.3,44.6,47.3,0.54,339.2,57.5,17.7,1037.7,44.6,75.6,165.4,0
106.3,44.2,94.3,5.71,534.5,49.7,63.5,984.1,30.8,65.0,42.1,0
79.6,37.8,75.8,3.02,1438.4,57.7,29.2,1009.1,57.4,17.3,125.8,1
22.4,33.1,54.8,4.57,166.1,83.3,79.2,1013.8,110.6,67.4,75.3,0
16.0,30.2,27.8,6.01,499.1,52.3,80.8,1015.4,142.5,52.9,194.7,0
52.8,40.3,69.6,0.4,441.5,29.4,46.4,996.0,31.5,94.1,32.8,0
56.5,20.1,64.1,6.05,719.8,51.4,18.1,1046.7,36.6,36.0,62.4,1
56.5,26.4,44.4,15.0,1197.3,44.8,64.7,979.1,126.7,75.4,227.3,1
57.8,31.7,44.1,4.93,1662.6,86.3,99.3,1034.2,167.3,75.8,28.9,1
271.9,24.4,82.4,8.84,216.7,80.8,62.3,1029.3,8.1,29.9,140.3,1
152.2,25.0,25.9,7.12,360.8,57.4,3.6,1043.0,57.0,91.3,8.1,0
89.7,21.6,71.3,5.89,243.1,26.9,1.7,973.2,93.7,54.2,242.9,1
70.9,29.7,61.3,7.29,742.2,28.0,32.0,987.6,87.0,71.1,37.3,0
72.9,39.8,74.9,8.15,273.3,55.3,19.6,1034.8,11.1,23.1,41.4,0
126.1,17.1,59.1,8.37,995.6,62.4,81.3,967.5,57.2,33.2,19.2,1
70.4,42.7,70.9,1.19,1818.2,46.8,84.5,972.9,43.7,62.7,131.9,1
141.8,34.1,50.1,7.6,137.0,44.4,25.9,995.2,15.8,38.7,96.4,1
97.0,38.8,64.0,2.98,372.3,42.0,32.6,1008.8,98.1,55.0,31.2,0
273.5,29.5,74.8,8.58,2207.2,54.5,23.6,1036.8,139.0,43.7,81.9,1
67.2,37.3,68.0,5.25,884.6,10.0,90.8,1001.3,61.2,67.6,402.8,0
159.6,10.6,72.6,1.17,506.3,30.8,50.3,992.8,44.5,53.8,191.6,0
29.4,38.6,46.4,9.38,3000.0,41.2,65.6,1011.2,63.9,10.4,226.0,1
44.3,11.4,53.2,1.9,613.1,81.6,41.5,1014.4,103.1,68.5,40.2,1
250.2,41.1,53.5,2.86,1164.0,37.1,63.1,1013.8,6.3,48.0,33.9,0
137.8,44.7,59.5,10.88,387.0,59.0,38.6,1001.4,146.4,40.8,10.4,1
107.6,20.3,92.2,4.09,328.0,60.0,34.0,965.9,33.4,18.5,110.5,1
300.0,17.4,57.9,2.76,1213.2,83.6,63.4,986.6,73.1,29.8,64.1,1
71.7,36.8,42.1,3.46,2341.1,82.8,59.1,1033.4,60.8,30.1,239.5,1
159.3,18.9,75.8,2.72,525.1,53.7,29.4,1008.7,35.1,94.2,226.6,0
167.3,40.3,91.9,6.47,305.8,44.5,14.9,998.5,182.3,48.9,129.3,1
215.5,13.6,39.8,2.78,1524.6,40.4,36.9,1027.4,98.7,13.8,22.0,1
26.2,14.4,100.0,3.55,529.4,49.7,41.5,982.4,126.4,22.5,19.9,1
71.3,44.3,73.3,5.57,1005.5,45.5,62.9,1000.5,23.9,17.1,3.9,0
95.8,33.6,85.7,5.13,512.0,67.2,91.5,1007.8,90.8,63.0,32.1,0
213.2,39.6,94.3,2.04,585.4,64.2,3.6,996.2,64.6,26.8,22.0,1
104.6,21.4,84.5,6.52,359.0,68.0,24.4,1007.0,57.0,54.9,137.0,0
167.5,33.7,62.8,2.39,1236.2,82.7,19.4,1001.2,209.8,43.3,60.4,1
23.9,30.8,89.4,1.46,1027.4,96.0,50.2,977.0,32.6,82.3,48.5,0
59.0,31.1,70.1,0.6,1001.4,57.7,43.0,1008.6,20.3,38.8,75.5,0
186.7,33.9,86.8,3.19,423.3,79.2,72.9,978.4,45.0,51.2,87.1,1
65.4,30.1,89.0,0.76,963.0,47.3,24.2,1008.3,102.5,74.9,44.3,1
75.9,25.0,43.2,1.8,2553.0,81.1,59.4,1032.5,136.9,49.0,62.9,1
211.0,19.7,80.9,3.62,307.8,78.4,88.4,999.4,35.9,81.4,148.5,1
35.8,36.9,61.4,8.03,389.5,77.2,91.1,981.6,70.6,69.6,170.6,1
43.7,17.9,67.8,2.93,408.5,57.1,95.9,1002.5,85.9,46.9,21.5,0
21.4,34.2,67.5,0.95,828.1,40.3,77.3,988.4,58.1,55.4,69.6,0
216.6,18.2,66.7,3.37,286.4,24.3,90.6,1016.9,61.5,97.0,259.8,0
150.3,31.9,95.5,7.82,1105.2,54.1,23.5,1002.0,57.1,69.5,264.5,1
147.7,36.1,37.7,2.87,120.3,88.7,19.8,1039.2,70.3,91.4,240.3,0
57.7,17.7,30.6,8.97,1343.0,48.2,0.6,1028.3,47.1,26.1,118.3,1
19.8,12.1,26.3,3.6,988.1,72.3,70.7,1001.9,110.4,53.5,66.1,0
14.3,14.6,86.4,6.06,2514.3,73.6,93.7,1019.3,58.4,91.8,5.2,1
187.6,31.2,49.5,4.32,321.4,48.8,18.7,997.1,43.4,39.0,27.7,1
112.8,39.7,67.6,8.68,1566.9,84.0,63.7,1005.7,32.9,97.1,76.8,1
128.3,11.6,62.7,13.74,701.0,10.0,74.6,997.8,51.0,18.7,152.6,1
92.6,35.7,47.3,2.49,596.4,28.1,92.8,1020.3,26.6,91.2,127.6,0
39.2,21.9,82.0,4.14,307.0,34.9,64.7,1033.7,161.1,50.1,20.0,0
59.8,26.7,62.5,8.03,518.3,37.0,97.0,1021.0,107.5,16.6,51.7,1
31.0,42.5,60.2,4.44,537.9,62.4,34.5,1023.4,82.2,89.2,248.4,0
27.4,21.6,69.7,0.57,184.7,61.4,35.0,1023.5,75.9,32.7,69.1,0
142.0,26.3,79.4,2.91,980.5,63.7,54.3,1016.0,54.7,12.0,129.0,1
15.8,10.5,45.8,4.41,888.6,68.1,38.4,982.2,46.9,22.2,54.8,0
31.2,12.9,82.5,10.31,1160.6,34.1,0.1,1039.0,33.1,69.3,9.7,0
62.7,19.1,94.0,3.97,463.3,28.2,73.2,1041.1,50.3,98.0,100.3,0
81.3,11.0,36.5,1.69,1378.9,63.7,75.2,1000.3,48.5,20.0,66.2,0
21.1,32.1,70.6,4.49,1883.6,41.1,74.7,997.6,110.8,51.6,72.0,1
103.6,24.9,58.9,9.63,633.3,20.4,34.5,1017.2,156.0,26.3,88.9,0
88.8,29.2,79.0,2.17,327.5,76.4,52.2,1016.0,94.4,77.1,30.5,1
185.4,16.1,40.7,2.41,796.0,85.7,36.0,1001.0,26.6,20.6,84.7,1
82.3,20.4,97.6,2.2,768.2,89.3,1.6,980.0,11.0,31.6,31.9,1
111.2,33.2,32.8,1.09,659.9,59.1,56.2,1011.1,54.5,27.7,129.8,1
41.2,43.8,60.1,3.84,1162.5,68.8,12.4,1016.0,13.8,59.7,500.0,0
42.7,11.8,73.7,3.5,573.3,85.1,8.0,1019.5,67.8,88.6,41.0,0
23.5,41.2,51.3,0.65,303.8,40.9,75.5,1012.0,225.8,56.0,250.7,0
41.5,30.2,48.1,1.81,852.0,79.4,1.0,999.6,31.7,15.2,76.9,0
59.1,29.7,69.4,4.23,1202.7,61.1,95.9,1024.9,161.9,60.7,87.9,1
173.3,27.5,66.6,5.96,1273.5,75.1,51.5,1006.3,11.0,81.8,68.9,0
36.2,12.4,65.1,7.14,543.1,59.1,98.3,995.7,42.6,21.9,39.9,1
281.4,13.1,82.2,6.31,944.2,83.5,5.8,1001.4,23.6,16.5,50.4,1
118.2,31.0,57.1,3.66,1907.6,59.9,58.4,970.1,37.1,26.9,316.6,0
101.7,21.9,71.4,0.91,1598.2,22.4,34.9,1001.4,2.8,77.1,30.5,1
77.6,42.1,54.9,3.06,172.3,86.9,84.3,1018.8,136.0,63.3,182.8,0
66.8,24.2,48.0,0.21,577.5,34.2,36.1,1011.8,86.3,58.7,57.6,0
47.1,15.0,59.3,4.24,1824.2,82.6,26.0,1035.4,14.2,32.5,7.3,0
20.2,35.0,55.0,2.1,171.2,53.0,85.8,999.7,28.9,39.9,83.9,0
37.3,20.3,56.0,0.38,721.4,80.9,37.5,1014.7,108.2,96.9,413.0,0
216.2,28.4,88.3,4.83,456.8,80.0,1.7,1020.9,72.7,31.7,159.8,1
113.1,34.4,59.9,9.55,959.2,64.5,39.0,1050.0,68.5,91.1,1.8,1
215.0,41.5,51.7,0.77,76.3,66.2,65.5,1007.9,74.9,62.2,147.4,1
46.0,37.7,65.6,5.12,1707.3,64.3,25.4,984.1,156.1,21.1,63.4,1
30.1,33.7,67.1,2.66,748.7,10.7,43.2,1022.0,2.6,52.1,23.0,0
77.0,33.8,41.3,1.9,285.1,57.6,5.7,1042.3,41.3,95.4,55.0,0
38.6,43.1,59.0,1.9,403.4,30.4,58.8,998.5,11.8,47.7,24.6,0
89.4,20.4,58.2,2.66,983.8,58.8,75.6,1021.8,39.0,87.7,8.4,0
16.1,10.0,61.6,2.65,376.2,29.9,41.3,1029.6,73.2,33.1,36.4,0
8.6,19.5,79.5,3.55,2290.9,28.9,42.0,1025.3,132.6,61.4,45.2,1
98.9,17.6,67.7,1.74,682.6,90.3,8.8,1007.5,53.3,85.9,43.8,1
220.2,33.2,89.6,2.08,2018.5,78.5,20.2,991.0,76.4,92.9,53.6,1
102.1,32.2,64.8,5.47,853.1,54.9,15.5,1003.4,86.2,53.7,40.6,1
112.3,30.8,100.0,1.6,1236.1,59.1,48.2,1014.2,92.4,67.6,80.1,1
79.5,10.6,55.8,4.45,1184.2,49.5,52.9,1023.2,58.5,10.3,246.5,1
85.3,35.5,49.6,2.77,506.5,67.5,94.9,1011.7,6.9,32.8,10.0,0
19.2,21.3,75.9,2.33,1247.0,40.1,7.3,997.4,35.0,35.1,112.2,0
39.9,33.3,92.3,11.63,543.9,76.9,60.0,1016.1,79.3,18.4,111.2,1
172.2,29.5,37.4,1.11,154.2,49.4,52.6,1022.2,44.8,35.2,25.4,1
58.1,22.0,61.1,9.99,635.9,45.8,51.6,1012.6,64.1,38.9,206.0,1
169.9,14.7,52.8,6.58,247.1,55.5,87.3,988.3,78.1,97.2,10.6,1
83.5,13.3,67.9,2.15,528.5,42.0,20.6,1001.4,42.7,70.2,148.1,1
86.7,39.1,65.2,6.71,729.9,62.2,4.1,1024.0,18.3,48.3,88.9,1
58.4,42.1,91.9,0.1,336.7,43.2,67.2,977.3,9.5,98.9,23.8,0
124.1,32.7,62.8,1.98,1123.6,65.3,34.5,963.1,84.4,23.8,250.0,1
145.4,13.6,92.5,1.62,538.6,81.8,1.8,1035.2,71.3,52.8,9.6,1
38.0,24.1,58.7,4.88,239.9,39.2,25.1,1015.2,19.6,68.2,213.5,0
21.2,35.5,83.5,6.05,341.7,52.1,30.9,1017.1,9.1,15.0,41.2,1
10.9,37.3,69.6,4.82,814.4,65.1,61.7,983.5,136.1,74.5,63.6,0
108.6,14.1,99.6,4.03,614.0,45.4,17.3,1019.8,31.5,19.0,22.3,1
99.9,10.0,35.5,7.02,932.9,65.2,41.3,1010.5,138.9,22.6,45.0,1
300.0,34.9,41.7,6.35,818.7,67.2,48.2,973.3,82.4,24.4,166.2,1
79.9,22.5,100.0,2.11,313.2,78.8,45.9,1033.5,123.3,93.6,107.5,0
69.4,18.9,50.3,2.32,447.5,41.7,97.4,1008.2,70.1,71.5,298.7,0
91.6,10.5,51.6,6.1,1371.2,34.3,4.6,997.1,28.1,69.0,27.3,0
95.3,28.9,47.5,3.52,363.7,48.2,95.1,997.4,182.0,60.0,55.3,0
65.3,39.8,88.0,3.71,2050.4,33.7,58.2,964.7,42.4,36.4,114.6,1
39.1,43.5,39.9,4.09,190.6,67.4,79.6,1016.9,102.8,65.9,115.1,0
76.6,29.8,65.4,0.6,1340.2,29.4,43.0,1010.2,122.3,46.9,60.1,0
74.5,28.0,59.7,2.03,691.2,100.0,45.4,1001.1,32.7,23.1,19.2,1
73.6,13.0,85.7,5.18,315.1,83.5,87.9,1030.6,94.6,72.1,220.5,1
133.2,29.2,53.7,2.01,797.2,55.3,89.6,977.3,85.9,21.7,27.4,1
75.6,23.3,73.3,3.03,374.6,74.1,23.9,993.1,139.0,27.2,42.7,1
21.7,31.2,41.6,5.16,472.6,19.0,19.9,988.0,150.9,83.6,60.5,0
44.9,23.6,100.0,7.29,549.4,100.0,49.6,999.4,23.2,69.4,105.3,0
64.7,18.4,60.2,7.89,1267.4,42.0,90.0,1006.3,73.6,66.8,23.9,1
78.3,13.3,65.2,8.2,442.0,52.3,32.2,1013.6,9.2,47.6,58.5,0
110.2,21.0,98.1,3.27,891.7,14.2,65.2,998.1,44.8,45.7,157.8,0
78.8,13.4,53.3,3.0,1301.7,65.7,70.8,987.5,222.1,72.1,264.1,1
8.8,16.2,98.3,1.26,780.8,30.7,77.9,1038.7,24.9,76.6,35.6,0
24.4,44.6,56.8,9.59,994.0,57.2,56.4,1050.0,43.7,55.9,8.9,0
115.5,25.5,78.4,2.9,726.7,43.0,40.2,1007.9,45.6,97.2,111.9,0
63.3,28.6,53.5,9.44,1107.1,31.3,96.7,989.9,245.7,96.0,12.8,1
84.0,40.6,37.9,4.54,233.1,37.3,61.1,1034.5,69.2,47.1,99.6,0
57.1,44.8,73.3,7.52,1929.2,60.0,72.9,976.1,93.2,83.9,65.6,0
44.7,30.4,77.8,3.44,418.4,26.8,34.5,998.3,11.7,58.9,61.0,0
58.8,38.4,38.7,5.53,696.6,38.5,67.0,991.1,70.8,56.1,25.6,1
84.7,21.4,58.9,7.7,105.6,69.6,25.8,981.8,59.2,14.9,305.4,1
75.2,20.7,89.0,2.42,492.0,100.0,24.5,999.4,10.2,61.7,52.0,0
144.8,24.1,77.0,8.23,919.2,65.5,71.5,987.7,24.5,91.1,144.7,1
17.6,33.5,57.1,1.43,2105.7,34.8,52.1,1005.3,38.8,80.2,85.8,0
20.3,33.9,53.0,11.43,1142.9,46.9,68.3,1005.5,62.5,80.8,128.5,1
62.7,21.0,100.0,4.1,524.5,55.7,26.9,992.6,66.7,24.4,240.6,0
111.1,14.7,36.1,2.05,174.2,47.3,59.9,997.6,13.3,42.3,25.8,0
128.3,32.1,63.8,6.49,1782.1,74.9,44.4,1000.4,39.8,31.0,33.5,1
46.2,14.5,35.7,4.69,504.2,59.8,59.7,1021.2,63.5,38.4,46.5,0
2.7,30.2,91.3,0.64,917.3,75.0,29.1,1002.0,73.3,62.2,237.3,0
47.5,34.3,64.9,2.66,525.7,48.1,71.5,1021.5,20.9,42.8,154.3,0
100.1,34.5,68.6,1.49,1001.9,84.2,80.6,1016.7,112.8,60.5,67.8,1
74.1,36.4,100.0,1.62,1728.5,51.3,26.0,1016.4,217.1,49.5,58.1,1
113.9,40.6,53.1,1.57,1256.7,33.6,30.1,1032.8,65.2,35.8,48.8,0
168.2,27.5,100.0,5.34,604.9,100.0,66.1,982.6,50.5,18.6,110.8,1
66.2,35.6,57.2,6.84,1810.7,14.9,69.6,995.5,60.0,90.3,228.1,0
52.1,31.7,60.3,1.89,2417.4,38.7,70.4,1040.3,75.9,11.0,118.4,1
34.4,16.5,100.0,0.45,1485.3,41.2,68.3,999.9,51.5,10.1,80.7,1
20.2,10.9,61.8,13.21,539.1,100.0,39.3,950.0,140.5,84.4,133.6,1
14.9,20.0,37.5,4.13,1342.2,94.8,39.5,1000.9,92.7,99.7,40.9,1
42.5,25.5,70.6,6.52,1474.9,87.9,25.5,1007.7,69.1,75.4,261.2,0
153.1,31.6,61.5,3.14,614.1,47.7,15.7,952.7,50.6,11.4,260.7,0
121.7,39.7,72.3,0.34,2417.2,100.0,69.3,1031.7,24.2,30.4,76.2,1
50.1,16.9,62.3,4.97,1676.0,63.1,9.3,990.7,85.2,97.5,37.1,1
283.1,14.4,100.0,10.64,639.3,76.5,93.8,1011.6,96.7,82.8,37.0,1
45.0,43.7,76.1,2.15,538.6,59.0,82.7,1000.5,35.9,61.0,56.5,1
178.9,13.8,43.5,0.29,1451.7,53.9,85.8,979.2,137.9,31.3,103.4,1
207.2,26.7,67.5,1.25,2851.5,49.5,90.7,983.6,59.0,11.3,7.1,1
105.0,30.5,49.0,6.74,249.6,50.4,40.9,986.3,98.0,11.9,65.3,1
42.1,28.9,60.0,4.67,1037.0,68.4,84.7,1026.7,79.9,65.1,161.2,1
55.7,13.0,46.8,8.25,1325.2,63.1,15.8,1002.0,28.1,12.0,53.2,1
86.2,12.0,100.0,3.69,1717.9,54.3,2.2,994.6,195.5,99.4,32.3,0
20.8,13.7,51.2,5.97,1334.5,88.2,78.5,986.3,58.2,26.5,96.4,1
31.5,30.5,78.8,2.6,509.8,10.0,7.5,1028.9,43.2,74.0,66.8,0
29.1,29.1,58.5,1.35,222.6,66.2,98.9,1034.3,81.3,24.0,133.0,0
110.7,18.2,41.8,5.99,588.1,70.8,67.5,1028.7,175.4,58.6,19.7,1
167.1,32.3,69.0,6.82,1303.2,80.2,75.3,1014.8,22.9,17.3,99.1,1
125.0,38.7,73.0,2.2,465.7,53.6,24.6,1010.8,100.9,79.0,228.3,0
149.0,11.5,76.2,10.01,1902.0,59.6,67.4,980.7,48.7,62.6,102.6,1
39.1,27.4,20.0,10.19,679.3,76.7,4.3,1000.1,110.8,17.8,36.2,0
57.8,34.1,40.3,1.58,441.3,87.8,83.8,991.3,105.8,86.4,2.5,0
61.4,18.8,84.2,1.65,1121.5,48.4,17.0,968.5,14.8,59.2,28.7,1
104.7,20.8,46.5,1.72,625.9,60.9,69.7,1026.1,46.5,92.9,59.7,1
43.5,31.5,69.1,3.32,526.7,91.9,22.4,991.1,29.4,92.5,9.9,1
142.8,41.4,39.8,2.7,2626.5,10.0,6.8,1028.9,124.3,92.8,73.2,1
203.4,38.3,79.6,1.07,463.3,39.8,48.1,1022.6,83.8,17.0,58.6,1
108.5,30.4,83.6,1.77,571.4,87.2,16.9,1016.1,132.2,20.9,121.9,1
55.7,35.6,79.6,0.35,1133.2,79.0,72.9,1017.3,106.2,98.9,145.8,0
36.0,22.8,85.7,0.44,1882.7,66.5,23.8,992.7,37.4,53.9,278.3,0
29.2,32.4,96.3,0.86,1057.5,45.1,34.2,1042.2,35.4,31.4,61.6,0
8.9,26.3,41.5,12.73,811.7,35.6,56.7,1005.9,75.9,79.3,18.0,0
62.9,16.6,49.2,11.73,2829.6,42.0,28.5,1011.0,235.0,33.8,22.8,1
60.0,34.6,83.0,6.23,549.9,89.1,37.8,992.0,51.8,75.4,205.7,0
136.9,29.5,87.6,2.22,552.1,41.2,81.6,986.4,76.3,85.4,85.4,1
46.0,22.6,51.5,0.85,469.0,57.2,17.9,1014.5,102.3,80.6,66.8,0
65.7,41.9,50.1,3.63,1010.8,38.4,8.2,1009.4,59.0,34.7,177.9,0
92.6,10.7,52.0,5.07,358.2,73.5,32.8,989.2,237.8,46.1,39.0,1
107.3,21.1,32.9,1.92,280.7,43.1,42.4,976.2,45.3,47.2,239.9,0
126.3,12.0,39.6,4.88,570.0,52.9,54.3,979.6,21.9,54.2,45.1,0
86.0,36.8,40.1,1.24,165.5,18.0,37.2,1028.9,104.7,25.1,163.9,0
22.1,34.6,59.1,2.26,917.6,19.5,79.0,992.7,29.0,50.7,82.0,0
100.7,21.6,70.4,2.98,1012.7,55.2,3.9,998.2,47.4,56.0,90.8,1
43.2,33.6,73.7,11.96,1140.7,25.8,43.2,1034.0,73.4,57.9,61.0,1
172.4,23.9,54.8,1.74,1383.2,100.0,38.2,982.6,50.7,83.8,237.5,1
76.2,36.5,55.3,5.05,583.1,10.0,64.8,990.5,67.7,56.6,32.8,0
89.9,25.9,67.5,1.51,1738.2,37.4,96.6,989.6,64.4,30.8,186.9,1
300.0,24.4,35.1,1.32,1622.9,55.4,51.0,1037.4,200.2,69.7,26.0,1
127.8,42.7,84.2,1.91,314.9,47.0,98.7,1044.9,87.0,81.8,6.7,1
99.4,18.8,90.7,3.73,728.4,30.7,30.2,1020.0,56.2,38.7,118.8,1
67.2,14.2,52.5,10.89,60.7,33.9,3.1,1020.7,38.3,68.1,71.6,0
24.0,30.5,57.0,2.18,1754.9,33.2,16.6,993.4,39.6,23.2,78.5,0
63.5,43.9,89.9,6.86,1366.3,48.7,39.5,1043.9,7.7,40.8,13.9,1
35.6,23.2,62.5,12.35,2030.2,97.9,31.6,1010.4,153.6,91.8,71.7,1
219.9,12.2,76.8,4.45,189.0,56.7,9.7,1022.1,54.1,92.0,41.3,1
100.3,21.9,63.2,7.74,1078.9,81.0,43.3,1002.9,92.6,61.8,325.7,0
168.2,27.7,96.1,1.82,495.7,66.2,33.8,999.6,61.8,73.2,133.9,0
44.9,15.7,74.8,4.96,103.2,79.5,12.3,1038.3,79.1,86.9,83.7,1
38.0,33.0,76.0,5.9,1508.1,10.0,29.6,1015.8,23.6,96.3,168.1,0
119.3,44.9,76.3,1.02,254.4,48.3,88.6,1034.0,111.0,54.1,56.4,0
34.4,25.8,53.9,1.66,980.9,83.8,30.2,1010.1,14.1,60.5,87.3,0
52.3,22.4,55.7,2.88,491.1,42.4,71.4,988.0,51.2,47.4,54.5,0
226.7,24.0,80.4,1.96,860.9,93.8,61.2,993.3,81.5,16.5,43.3,1
54.1,14.0,67.5,3.16,1396.6,87.6,42.7,1007.1,86.3,48.1,102.2,1
19.1,40.9,41.4,0.87,862.7,44.7,23.9,992.5,40.9,81.2,167.3,0
12.2,24.5,100.0,11.56,352.0,43.9,36.9,982.9,12.9,82.4,75.9,0
16.7,23.6,84.6,7.35,2669.2,32.7,59.2,1029.0,87.4,90.3,31.7,1
174.9,33.1,65.8,15.0,589.8,41.1,35.1,994.1,40.9,14.6,63.0,1
47.3,25.5,59.5,1.15,415.5,27.9,21.5,1007.8,85.5,57.4,42.1,0
300.0,32.7,69.0,5.1,711.1,64.4,11.6,1010.9,60.0,19.7,55.2,1
205.0,12.2,75.4,1.98,193.7,23.0,88.0,993.2,15.4,28.1,45.1,1
262.3,38.5,24.3,1.31,448.1,68.3,44.0,1034.0,102.6,91.0,136.0,0
151.6,42.9,100.0,7.07,618.7,68.8,62.5,982.7,23.8,54.7,384.8,1
115.0,32.7,49.2,3.83,914.4,18.5,49.0,1010.2,35.1,78.3,53.0,1
36.8,43.4,65.0,2.72,787.6,89.1,87.3,1009.9,145.5,15.8,83.2,0
74.8,15.3,65.7,4.55,1081.0,66.3,54.7,1003.9,59.9,47.5,45.6,0
123.2,26.7,100.0,1.73,733.4,71.5,48.1,979.1,41.3,70.7,37.2,1
145.3,31.1,63.2,1.67,1610.3,38.3,92.5,1022.4,250.0,22.0,45.7,1
26.3,30.4,96.8,2.04,1216.1,68.7,72.0,1019.9,21.7,39.3,3.5,1
64.3,24.1,73.1,8.06,1021.6,79.8,11.2,991.5,129.6,15.8,134.0,1
70.3,21.8,45.8,7.62,1792.2,52.8,17.8,1019.1,66.7,68.6,16.5,0
68.1,14.4,67.7,1.09,1792.1,99.0,78.7,1012.5,9.2,97.4,114.7,0
29.8,23.7,62.6,11.23,831.3,56.0,83.6,979.4,48.2,84.4,78.0,1
242.5,15.7,43.3,3.58,566.9,80.1,54.5,987.9,188.1,97.7,69.6,1
62.6,35.7,72.2,5.04,889.8,61.4,55.4,1027.8,122.5,86.1,138.7,1
31.9,17.3,65.4,1.98,685.9,67.9,63.2,1011.2,24.2,87.0,108.1,0
246.4,12.0,76.1,3.73,549.0,18.2,43.9,993.7,72.9,61.9,131.7,1
205.1,29.3,68.9,1.3,864.0,63.2,68.0,987.8,55.8,56.6,129.0,0
83.5,30.8,52.0,1.86,999.0,38.8,10.8,994.7,54.2,46.6,128.1,0
51.1,40.5,80.4,6.66,1175.3,36.4,96.1,996.1,38.4,83.6,92.5,0
15.3,30.2,52.5,6.77,1985.4,93.4,75.0,988.1,66.8,26.4,257.5,1
109.0,22.1,20.0,5.21,927.3,50.3,63.1,970.2,33.2,15.1,90.5,0
48.1,38.1,67.6,2.58,745.9,32.9,31.6,1027.8,115.6,95.3,352.1,0
73.4,28.9,53.9,1.07,1482.6,47.1,16.1,1024.4,53.9,10.3,38.5,0
232.3,12.8,72.6,8.74,383.6,26.4,40.9,979.5,122.4,97.9,22.9,1
45.2,29.8,100.0,7.13,167.4,86.5,66.2,1007.7,36.8,75.6,139.5,0
105.7,41.8,100.0,0.53,1068.3,39.7,63.4,987.0,36.4,39.6,3.7,1
128.9,23.9,61.7,6.85,588.0,66.6,38.3,999.8,56.8,72.8,150.6,1
171.2,20.4,48.5,2.72,623.8,84.8,61.3,998.1,32.2,83.6,12.0,1
69.3,15.0,76.7,6.05,375.7,44.0,81.4,996.4,53.1,32.1,70.9,0
63.8,15.3,57.6,0.88,1689.0,66.7,2.6,1045.1,33.8,79.4,149.9,0
62.6,25.1,72.8,2.08,174.9,32.3,45.1,996.2,77.6,82.4,14.0,1
98.4,30.8,51.8,3.94,1145.4,100.0,75.9,988.8,27.4,32.4,63.8,1
199.4,12.8,70.0,11.56,753.8,75.6,54.6,989.7,106.8,13.8,160.5,1
60.3,42.9,48.8,3.95,2067.9,50.8,65.1,1025.9,61.7,28.4,4.4,1
3.9,36.4,88.7,7.84,1487.1,38.0,51.7,972.0,47.8,28.1,93.8,0
139.0,30.5,53.2,4.37,291.4,52.5,99.2,989.7,20.7,15.9,45.6,1
79.0,39.0,78.2,4.25,1216.8,47.5,5.5,1033.9,18.1,75.3,208.5,1
109.1,12.8,39.7,5.41,1046.4,98.0,49.1,1009.9,180.7,44.2,53.6,1
15.9,26.7,80.6,3.5,712.2,28.0,9.1,1008.8,84.2,89.6,390.3,0
48.3,32.1,45.7,6.55,1151.4,58.0,16.0,1047.6,81.1,32.7,83.0,0
131.3,39.0,70.2,1.4,447.2,54.6,38.3,1009.9,34.6,50.8,74.0,0
23.2,37.4,85.5,3.52,811.5,52.4,15.6,990.8,91.8,67.5,41.8,0
105.5,19.7,61.0,12.22,764.0,52.6,96.4,999.4,56.8,89.0,55.8,1
72.9,42.9,44.4,8.07,393.0,52.4,94.7,982.3,46.4,57.2,142.3,1
39.9,14.4,74.9,4.66,589.1,74.2,33.6,1030.1,21.2,43.6,60.5,0
37.1,40.6,48.2,7.31,512.1,68.4,64.0,1016.5,77.3,88.0,40.0,0
30.1,44.0,56.9,10.12,998.5,64.2,53.4,1027.5,192.5,37.9,16.1,1
78.6,16.2,70.3,0.45,1755.8,10.0,81.6,1029.3,144.6,17.1,50.1,1
85.7,35.3,92.2,2.94,234.3,61.6,62.7,996.7,111.3,50.1,135.9,1
55.6,11.4,65.5,2.07,1020.4,18.6,0.0,986.1,22.6,80.7,39.2,0
28.4,24.2,65.5,0.95,496.9,69.2,76.3,1004.0,21.9,12.8,500.0,0
103.3,28.1,79.8,13.39,1424.2,87.4,74.7,987.5,96.4,62.7,237.6,1
140.7,30.3,66.0,5.6,1011.5,34.6,51.0,1008.3,66.0,63.5,4.3,0
117.0,42.8,77.7,7.14,181.3,49.2,90.3,1027.6,46.5,93.6,58.6,0
269.3,33.5,86.6,2.15,864.6,41.8,90.8,1001.6,39.3,35.8,47.8,1
64.9,26.8,58.4,2.88,683.5,82.2,52.4,1008.0,7.0,35.1,8.1,1
186.6,38.3,20.0,3.65,258.6,57.1,60.8,1003.1,91.0,49.6,49.6,1
43.4,43.3,48.6,4.92,502.2,93.0,99.7,1021.1,63.9,42.1,49.3,1
37.5,10.8,89.2,6.38,836.4,64.1,29.9,991.6,31.7,76.3,147.8,0
82.4,44.4,64.3,6.09,514.3,60.3,32.5,961.1,169.7,67.8,177.4,1
214.5,13.0,58.2,3.04,1537.2,56.5,18.3,1014.4,23.5,78.3,151.2,0
59.3,38.5,88.3,10.39,678.8,73.0,89.6,1024.8,21.4,83.8,231.9,0
15.9,19.8,63.0,9.01,473.2,16.8,74.4,1013.9,50.2,93.1,81.7,0
138.9,14.6,23.1,4.56,871.1,56.9,10.6,992.2,80.0,48.8,81.5,1
70.6,25.4,34.9,3.76,955.3,53.5,98.2,982.3,141.8,98.6,140.1,1
93.7,32.5,73.4,2.86,1433.1,71.0,73.1,1014.9,71.2,29.4,50.2,1
39.3,23.3,63.7,4.94,787.5,50.9,85.1,1007.8,103.2,74.3,97.3,0
81.8,11.9,94.1,8.69,927.2,32.1,4.8,1002.5,111.8,58.1,93.1,0
18.6,31.0,50.3,3.83,1197.7,55.2,50.5,1041.4,118.9,83.5,110.4,0
245.0,41.6,58.8,2.3,392.1,31.2,69.9,986.1,71.3,52.9,186.0,1
156.9,23.4,47.3,3.76,1373.1,12.6,54.3,1040.5,71.3,80.6,34.1,0
79.0,17.6,54.6,4.62,265.8,71.0,66.7,1005.6,36.9,93.7,35.3,0
136.3,25.5,27.2,1.31,829.2,67.7,81.8,968.3,55.0,75.9,360.8,0
43.5,11.7,57.3,1.0,840.2,65.3,37.4,1001.4,42.4,79.8,34.1,0
152.2,38.7,64.0,2.35,825.0,83.7,84.9,1024.2,80.3,16.0,52.8,1
57.2,38.9,62.3,10.38,244.0,40.4,16.3,997.7,132.5,28.4,119.9,1
53.9,30.6,100.0,8.36,35.5,23.5,27.1,975.5,42.4,97.7,5.6,0
32.1,22.4,100.0,0.77,604.6,53.5,4.3,1001.7,98.1,72.4,45.6,0
102.4,38.0,50.0,1.6,976.8,47.4,36.4,987.9,20.5,60.5,22.1,1
76.4,29.4,24.1,6.3,1922.0,36.5,38.0,1014.8,103.3,43.0,15.4,0
190.6,38.9,63.0,2.61,987.1,53.2,80.5,1020.5,28.3,14.0,183.0,1
28.7,32.1,72.5,5.14,261.4,41.5,65.3,983.9,199.9,43.2,151.9,1
102.7,37.5,47.8,0.82,631.8,14.6,43.7,990.9,92.7,54.9,28.2,0
167.3,30.9,48.8,3.7,663.0,45.3,65.2,1020.1,106.3,29.0,189.8,0
86.9,24.5,96.7,3.41,1743.0,30.0,5.3,987.8,126.7,25.6,200.1,1
56.3,43.5,59.8,7.16,1006.6,60.1,18.0,983.4,44.1,55.8,232.0,0
85.2,28.9,78.2,4.92,302.2,40.6,62.7,981.4,57.6,62.7,203.7,0
180.5,31.2,46.4,4.09,480.1,79.5,64.1,1012.0,39.8,31.6,99.4,1
180.5,17.7,63.9,0.62,1280.1,90.3,77.4,1011.2,39.6,62.9,51.6,1
68.3,31.9,58.3,12.48,878.2,69.9,40.3,991.3,11.5,91.0,150.8,1
178.4,30.0,51.5,5.98,752.0,20.9,72.3,1005.1,70.1,52.6,56.1,1
73.7,16.5,88.1,1.99,629.2,88.1,68.4,1035.5,62.4,87.2,103.5,1
135.2,12.1,37.2,4.01,1259.3,89.7,96.3,985.5,9.2,93.5,49.3,0
111.5,31.2,71.0,2.68,554.3,55.4,21.5,966.0,91.1,18.3,73.9,1
54.5,36.7,57.9,3.11,463.9,84.1,55.2,1014.1,50.5,18.6,21.0,0
33.2,28.3,73.3,8.27,1412.8,42.9,60.2,1002.8,37.3,52.8,142.9,0
170.3,17.9,58.2,1.6,34.5,13.9,99.9,990.8,70.8,62.9,109.1,1
202.6,33.3,82.3,6.16,293.7,38.3,20.1,1018.0,52.7,48.3,13.2,1
101.0,12.8,46.2,8.51,403.8,93.0,52.3,1021.8,250.0,39.4,56.5,1
73.6,25.5,88.2,5.49,1478.3,22.2,34.6,960.8,178.7,67.7,166.1,0
25.2,15.7,64.4,3.24,844.1,55.0,52.6,991.9,119.3,10.2,28.3,0
167.3,16.5,38.4,1.87,274.8,55.8,23.2,1050.0,16.6,97.1,29.3,0
92.7,17.1,78.6,2.11,255.5,43.7,4.8,1016.7,80.0,30.9,62.9,0
60.9,23.5,61.0,4.07,1506.5,45.2,57.3,1018.5,100.9,92.5,39.6,0
137.9,11.8,30.8,3.82,256.3,56.6,33.6,1028.5,159.7,19.8,263.2,1
20.8,23.9,71.6,6.71,448.3,42.6,18.2,1005.3,68.5,31.4,39.4,1
30.6,27.9,85.1,0.89,540.7,23.7,32.4,1020.9,76.1,31.1,45.6,0
42.1,26.9,90.6,8.2,1082.7,59.7,4.9,1019.4,21.5,99.7,1.5,0
109.0,23.4,57.4,15.0,502.9,78.6,95.0,1015.8,18.7,10.4,60.7,1
85.9,39.4,67.9,3.49,217.9,74.1,58.1,998.6,26.0,67.6,149.0,1
118.2,15.1,66.0,3.08,1149.0,37.2,81.5,1008.4,19.0,88.3,138.5,0
159.7,27.7,94.8,3.32,1131.8,27.5,42.3,993.2,63.5,70.5,144.3,1
121.3,12.2,48.8,3.97,2065.9,48.7,90.3,1005.3,54.0,42.6,129.8,1
248.4,12.5,55.7,2.88,902.7,89.5,48.3,981.6,61.7,96.2,301.0,0
159.5,30.1,48.3,0.46,245.9,69.2,57.4,989.2,68.5,90.4,101.3,0
68.2,29.8,36.0,3.26,2001.7,70.5,49.2,999.4,158.6,49.1,44.6,1
48.0,40.7,70.0,4.15,539.2,74.6,73.3,986.1,155.9,61.6,48.0,1
69.9,29.5,97.0,8.81,1336.1,64.3,56.7,994.9,84.3,97.1,58.3,1
124.2,43.6,61.0,1.58,1956.4,57.7,27.2,1001.7,33.6,98.4,35.2,0
52.4,11.7,47.4,11.24,798.3,69.6,14.6,1013.0,22.3,50.5,110.1,1
126.6,13.4,68.7,2.72,727.9,43.0,60.6,1024.0,15.4,86.3,51.1,0
116.7,11.5,76.8,1.76,904.9,23.9,48.9,995.7,83.8,37.2,195.7,1
32.7,16.5,61.9,5.99,1028.8,70.9,9.6,1031.7,59.8,43.5,20.3,0
157.4,28.9,93.1,2.47,1488.3,82.2,39.6,1023.8,49.9,24.8,5.5,1
98.4,32.6,48.8,3.54,651.0,30.4,51.5,1015.1,104.5,28.8,49.2,1
240.5,11.6,59.3,3.73,769.7,73.1,82.7,1008.1,59.0,69.1,6.8,1
73.9,43.1,70.9,5.74,489.6,92.0,7.6,1011.4,216.3,56.0,31.3,1
58.7,39.5,72.9,3.46,487.5,55.0,34.8,1028.7,15.7,30.8,90.9,1
28.9,20.4,65.9,3.17,357.6,37.0,82.3,1029.5,65.1,46.3,11.4,0
28.5,12.7,39.4,2.67,517.3,57.7,64.8,1031.7,10.5,43.6,84.1,1
144.9,15.9,100.0,5.34,320.1,42.9,29.0,1005.8,98.0,98.9,40.7,0
224.7,14.4,60.3,2.36,1372.8,41.4,84.5,1016.1,16.1,86.8,128.9,0
69.1,14.3,67.2,9.01,1176.7,64.5,49.3,1031.9,70.5,44.9,14.6,1
65.6,28.1,77.3,3.76,691.2,19.7,49.8,992.5,32.5,92.3,40.7,0
79.1,18.6,52.3,0.66,887.7,23.2,97.7,998.6,28.9,40.8,34.3,0
164.8,22.5,66.1,4.62,358.0,55.4,94.7,1005.3,33.5,70.1,91.2,0
33.0,44.6,51.5,5.19,725.4,54.5,35.9,1023.0,52.2,97.0,45.1,0
89.7,34.0,73.3,9.08,1625.2,62.6,14.1,1023.3,19.3,45.1,126.3,1
147.1,43.2,59.5,1.95,1588.0,96.3,32.6,1000.4,17.2,71.2,93.5,1
108.0,15.0,70.4,1.7,2093.1,57.3,3.0,974.8,89.1,36.6,74.8,1
2.1,23.4,44.1,5.88,1370.6,68.2,2.1,1009.9,6.7,34.0,59.6,1
121.7,29.4,48.4,8.08,945.3,33.5,39.6,986.6,70.9,61.7,276.9,1
108.8,12.7,37.7,1.88,1321.7,71.9,94.1,975.2,8.2,98.1,83.3,0
186.5,10.1,50.8,4.5,264.9,43.4,87.1,979.7,63.3,50.8,106.9,0
213.1,33.5,20.0,3.51,1254.1,56.6,51.1,1011.5,29.2,94.4,105.1,0
180.3,32.5,58.9,1.94,1402.8,52.6,56.5,1032.2,100.3,92.3,45.6,0
79.5,24.4,54.3,3.35,716.3,77.7,0.6,1005.8,137.8,32.8,5.4,0
15.1,27.1,68.0,7.69,777.7,26.2,21.6,1009.2,46.4,46.2,260.0,0
65.2,24.5,65.9,3.78,605.9,10.0,2.5,1028.7,66.5,67.9,52.1,0
77.6,10.8,90.1,3.21,699.7,50.3,75.5,974.1,122.0,56.6,102.3,0
222.9,21.7,100.0,5.66,849.4,65.3,14.6,1015.4,43.9,18.6,271.9,1
39.6,16.2,87.8,8.18,914.9,58.3,86.9,1004.8,96.4,99.4,47.3,0
21.5,13.4,55.9,1.55,363.1,82.1,64.3,1016.3,28.6,77.7,63.4,0
52.7,43.5,55.1,4.63,422.3,64.6,22.9,995.3,74.1,49.4,205.0,0
41.5,31.0,82.4,2.74,1177.4,42.6,15.8,988.6,74.4,65.6,42.5,1
19.4,35.5,31.3,3.79,977.2,10.0,62.8,1007.8,70.2,17.9,22.6,0
70.3,21.0,58.7,5.98,390.0,49.8,90.1,1038.0,180.4,54.6,10.4,1
79.9,23.8,60.2,2.92,675.6,77.6,71.8,1022.2,70.5,93.8,468.5,0
18.2,18.3,76.7,3.44,2291.3,46.4,34.9,994.8,68.7,90.7,248.4,0
58.4,13.4,77.3,7.26,77.0,55.6,58.7,978.2,63.8,40.4,144.8,0
39.2,16.3,50.1,5.1,35.0,64.3,31.1,971.4,129.3,57.8,264.9,1
81.9,37.9,56.7,3.38,79.1,32.7,99.9,1031.3,26.8,72.8,74.8,0
88.1,33.7,73.9,4.08,2886.0,68.7,74.9,985.9,150.9,40.6,54.2,0
39.2,29.1,49.0,3.85,295.2,91.0,61.4,998.5,68.5,15.8,58.2,1
156.5,26.6,89.1,0.61,579.8,51.2,42.3,1031.4,21.2,55.5,235.8,0
76.2,42.3,77.2,4.13,1110.0,30.2,61.8,972.7,75.7,64.1,32.4,0
40.9,12.5,68.4,1.11,1058.6,53.5,34.2,1034.8,72.3,10.5,33.1,0
17.0,19.8,72.8,8.02,611.4,10.0,2.9,999.9,14.7,18.6,32.6,1
91.6,22.2,55.7,1.09,1868.0,62.4,39.5,982.0,56.3,28.7,0.7,1
108.6,37.4,52.5,2.63,1286.2,65.0,93.0,1000.1,119.4,41.3,56.4,1
50.3,44.7,56.5,2.23,439.3,91.9,62.6,990.5,74.3,58.7,211.1,0
83.9,18.4,75.0,10.09,308.8,50.7,8.4,1013.8,10.3,36.4,117.0,1
213.1,40.6,69.0,7.79,838.9,64.0,88.5,992.0,53.6,34.9,131.0,1
140.1,39.1,56.5,0.26,1329.1,36.1,26.9,966.8,15.7,88.2,104.0,1
6.6,17.9,80.0,3.63,2326.5,47.2,24.4,1000.6,32.0,23.1,65.2,0
40.5,24.0,61.5,1.32,943.4,21.4,29.7,977.9,109.1,54.6,68.2,0
67.6,24.3,51.1,4.14,559.3,50.7,57.7,1009.1,46.1,95.8,106.5,0
79.6,44.2,70.1,5.89,1758.5,48.3,54.5,981.3,84.5,66.3,48.5,1
85.2,16.3,44.7,4.41,1599.8,61.6,49.1,995.2,111.0,74.5,29.7,1
103.7,38.0,31.3,6.14,1276.9,41.3,71.8,1008.7,149.2,48.8,53.5,1
69.4,21.7,64.9,2.98,254.2,56.8,31.7,1000.8,130.1,11.8,18.2,1
76.1,35.6,51.9,4.51,583.0,47.7,78.2,1010.0,129.9,68.2,35.2,0
145.1,24.7,59.9,5.99,644.9,47.7,17.5,1018.6,96.6,66.9,183.0,1
92.9,30.2,45.7,2.55,1277.3,56.8,78.3,981.8,145.3,19.9,63.9,1
26.2,39.1,89.2,1.74,114.9,55.9,66.4,1003.7,29.1,51.6,103.3,0
81.5,38.1,51.8,2.13,547.1,71.7,68.3,950.0,67.4,92.4,117.8,1
67.8,40.3,56.4,3.34,760.4,52.3,48.2,1009.9,36.7,28.5,81.1,0
10.2,12.1,72.6,3.71,627.1,47.3,66.7,999.0,6.5,51.5,160.8,0
84.7,34.2,37.5,4.71,2165.8,51.0,8.0,985.3,61.8,51.5,42.2,0
29.7,14.9,36.0,1.95,1497.9,39.3,85.2,1011.3,42.7,83.0,107.1,0
146.6,24.6,72.6,6.11,1495.1,47.1,5.6,1028.5,10.2,84.2,25.8,0
102.7,29.2,56.1,11.64,514.4,99.7,14.9,995.5,87.7,78.3,2.1,1
24.8,24.1,47.0,2.24,855.5,34.9,57.7,986.1,73.6,42.9,39.7,1
142.1,28.2,77.1,15.0,356.4,48.9,73.9,1008.3,74.1,16.5,67.9,1
188.5,44.9,48.8,12.68,365.9,46.5,7.6,978.3,30.9,41.5,28.0,1
61.4,14.7,59.5,3.7,1507.3,49.6,92.1,991.8,21.7,71.2,260.0,0
67.5,33.6,47.1,3.26,1338.3,47.7,97.4,1029.4,107.8,73.2,70.9,1
132.7,23.9,71.1,2.1,333.8,61.1,60.6,1006.2,46.4,96.9,135.0,0
179.2,14.7,91.6,6.75,814.5,17.4,48.1,967.4,90.6,50.8,218.6,1
13.9,15.6,27.8,3.89,179.0,77.8,74.1,969.1,86.2,66.9,82.3,0
27.8,43.2,67.3,4.21,1097.5,68.9,32.8,1008.2,44.5,58.5,42.3,1
53.6,40.8,82.1,1.77,326.4,27.7,49.3,1022.2,36.9,23.6,22.4,0
58.5,41.7,56.6,6.88,816.3,10.0,91.6,972.6,51.1,51.5,10.8,1
130.0,44.7,42.4,3.06,2278.8,33.5,95.6,1014.0,139.8,59.0,145.6,0
179.8,17.3,73.4,1.41,289.5,49.7,92.7,1031.6,10.8,95.6,159.2,0
188.8,22.4,85.0,3.48,970.2,100.0,26.2,1042.8,67.1,43.0,225.7,0
13.6,33.4,82.8,1.88,728.9,67.0,23.2,1011.6,25.3,98.2,195.9,0
37.2,26.9,72.3,9.09,266.4,15.2,29.8,1015.1,40.4,58.8,281.9,0
45.6,24.6,67.0,12.57,412.0,39.8,44.1,962.3,136.6,31.8,160.1,1
37.1,22.5,47.0,3.56,1030.4,53.8,31.4,1047.0,64.5,27.2,95.0,1
102.4,30.8,82.3,7.65,637.4,60.6,37.4,993.5,122.9,22.8,50.9,1
111.4,30.1,81.2,7.52,1906.9,26.1,62.1,986.3,88.6,50.8,73.0,1
75.4,15.7,42.2,0.05,1065.7,52.0,76.3,999.9,103.3,12.0,81.3,0
70.0,26.5,72.3,2.13,310.0,39.2,73.6,1035.2,82.5,50.1,251.9,0
55.5,29.4,78.1,4.02,1375.2,30.7,81.4,1049.2,101.8,99.0,200.8,0
60.9,30.0,82.6,2.6,1491.9,60.7,3.2,1007.5,93.0,70.3,33.7,1
211.5,17.4,63.5,1.99,921.8,72.0,4.8,1025.0,191.5,78.4,107.9,1
123.2,36.0,47.8,7.86,1129.3,73.5,78.9,1005.9,42.1,20.7,137.7,1
57.2,10.9,55.0,2.52,912.6,67.6,53.3,984.2,11.5,52.6,125.7,0
68.9,22.4,44.9,4.72,1719.7,44.1,57.8,1034.5,107.0,35.8,55.8,1
104.1,37.3,64.0,7.4,1583.3,70.7,5.3,992.6,40.6,90.5,77.6,1
24.8,29.7,60.1,9.45,178.5,61.8,25.5,1035.7,46.2,26.3,175.7,0
83.6,19.1,100.0,1.42,158.9,57.9,63.8,1031.0,18.3,51.3,59.3,0
118.5,34.3,82.9,1.54,646.4,41.5,85.9,1017.3,151.0,62.9,27.7,1
108.0,29.9,84.4,4.34,1317.0,44.1,91.7,1041.6,162.7,56.3,135.4,1
37.9,37.9,74.4,0.45,1677.4,56.6,50.0,1049.6,49.4,84.7,72.6,0
44.4,35.7,57.7,1.61,566.7,100.0,54.5,1001.5,69.5,30.8,191.4,0
8.8,31.4,59.5,8.45,633.2,61.6,83.3,988.8,34.1,44.0,84.0,1
127.4,27.1,61.3,5.78,593.6,41.6,53.8,967.7,242.1,81.3,0.5,1
271.5,14.7,68.8,3.34,705.1,36.7,51.7,1049.9,20.2,57.5,102.8,1
33.3,19.1,72.8,5.19,845.8,44.2,90.5,996.2,81.6,46.2,113.3,0
158.9,24.7,65.0,6.07,517.7,100.0,79.0,1027.7,58.8,12.6,199.8,1
256.0,31.0,59.2,0.98,592.1,46.2,90.9,990.2,56.6,77.8,37.0,1
51.1,28.0,53.1,2.48,995.6,75.0,21.8,1035.8,78.1,97.5,50.3,0
69.0,20.1,37.1,9.23,237.7,46.7,52.4,991.0,18.9,65.8,38.4,0
90.7,10.2,90.7,4.4,2425.5,60.7,84.2,981.2,202.6,87.1,189.1,1
105.6,27.4,100.0,4.59,1292.4,72.4,11.1,1000.8,95.6,56.5,23.7,1
94.4,20.0,89.0,3.56,1850.8,42.4,79.5,994.4,78.5,30.9,139.4,1
54.5,35.7,39.8,0.61,346.0,40.9,18.3,1016.9,92.9,11.3,34.6,0
117.2,10.8,80.7,2.21,458.1,91.5,80.8,1004.0,56.6,68.8,78.4,0
55.5,30.5,85.5,4.97,54.2,76.7,61.2,1017.6,135.2,54.4,12.1,1
99.1,43.0,56.9,2.53,778.3,72.4,19.3,999.2,163.9,80.4,131.5,0
73.3,16.1,74.8,1.47,796.2,72.3,47.3,991.7,28.7,72.5,68.9,0
12.0,26.5,55.9,1.66,923.5,65.1,68.2,993.3,75.0,98.9,151.4,1
174.8,13.2,95.6,9.36,146.5,99.4,63.4,1045.9,79.3,55.9,129.0,1
45.4,31.9,72.3,2.42,732.1,56.0,42.7,1009.5,26.0,48.4,52.9,0
186.5,29.3,46.7,8.14,961.4,67.7,89.9,965.3,56.0,35.8,36.1,1
154.6,24.3,78.4,4.61,1071.6,23.1,51.9,994.6,196.3,52.9,84.6,1
88.7,28.2,86.2,3.05,475.3,36.9,50.6,1006.9,118.1,88.6,46.1,0
109.5,41.4,69.0,1.9,2664.7,28.6,6.2,1041.9,61.5,13.8,315.3,0
119.1,16.9,74.6,5.89,628.4,83.0,92.2,1025.6,123.6,98.0,82.1,1
64.1,10.8,63.6,7.48,839.5,10.0,17.7,986.6,110.6,99.4,210.4,1
66.6,40.2,42.3,6.29,572.2,46.1,52.8,1050.0,109.8,63.8,104.3,0
115.0,30.2,62.0,1.09,481.2,10.0,80.4,1004.4,14.7,39.8,67.7,0
73.9,41.2,75.5,2.41,1200.9,36.7,21.5,1029.9,85.6,30.1,33.6,0
54.6,30.9,62.4,2.66,153.9,44.2,52.7,981.9,41.3,34.9,112.0,0
38.5,38.4,81.0,0.48,1252.5,85.5,24.1,957.0,69.0,14.5,27.5,0
101.2,25.0,57.2,5.15,824.8,63.7,76.0,976.8,96.2,52.8,92.5,1
44.2,36.2,58.5,5.68,655.4,36.7,56.4,950.0,30.2,15.2,114.8,0
137.1,42.0,81.6,5.54,252.8,78.5,85.6,1047.2,33.5,74.7,65.0,1
145.1,30.0,69.4,4.91,774.8,55.4,89.5,1009.3,83.0,43.5,151.6,0
108.9,16.3,56.8,2.85,1191.7,55.8,64.9,986.5,22.1,27.9,48.3,1
125.5,19.4,85.7,1.84,850.6,28.5,72.5,1014.1,93.4,59.0,169.0,0
109.2,17.0,51.2,2.84,714.5,33.2,54.9,1008.8,167.7,97.6,209.0,0
131.8,18.6,50.5,4.63,620.1,36.8,38.4,1017.4,117.1,72.6,109.2,0
127.9,20.7,20.0,8.65,526.1,56.0,64.8,1029.2,157.7,54.3,149.1,1
97.3,29.4,53.9,3.89,271.5,56.7,90.8,999.2,50.3,79.9,127.1,1
155.9,30.6,91.2,3.79,1175.6,89.0,41.7,987.4,85.1,76.4,108.4,1
65.9,24.9,23.6,0.53,894.4,63.5,31.4,1021.6,118.6,90.3,108.2,0
39.5,31.5,46.0,4.86,1228.5,10.0,38.8,1021.0,19.4,28.4,23.7,0
37.7,12.9,73.8,9.07,518.5,60.8,43.5,1007.0,31.9,87.3,181.2,0
58.5,13.1,20.1,3.36,657.1,23.1,7.4,1048.6,78.7,37.1,77.0,0
10.0,16.0,54.8,3.17,256.8,33.7,49.8,996.2,50.1,94.7,85.1,0
88.1,28.1,87.8,2.7,163.6,37.1,49.4,987.0,18.7,35.3,73.2,0
120.2,17.5,100.0,6.03,805.6,40.4,58.8,1013.4,38.8,93.4,35.2,0
143.7,19.9,70.8,0.5,76.9,24.7,36.3,991.5,46.1,96.7,65.2,1
15.0,24.0,46.5,8.14,966.7,59.5,61.3,1014.9,99.4,23.1,218.7,1
38.8,38.4,45.8,3.06,461.4,24.0,87.8,988.3,135.1,97.7,39.2,0
134.2,10.5,67.9,4.92,2975.0,62.8,95.5,997.0,34.5,17.7,2.0,1
64.3,32.7,70.6,6.37,764.7,100.0,58.4,1042.8,44.2,29.7,10.5,1
118.3,33.4,100.0,1.64,1136.0,25.8,4.3,996.9,7.6,50.0,56.6,1
23.6,38.0,84.4,3.61,427.9,48.7,96.9,989.0,122.5,99.4,8.3,0
185.1,42.6,66.7,3.01,1638.9,10.0,70.6,1028.4,44.5,54.0,37.4,1
21.8,10.7,58.3,1.3,1728.1,48.4,33.6,984.0,33.1,59.5,192.4,0
86.2,15.4,100.0,7.44,1461.8,69.1,14.7,991.1,26.0,72.5,264.5,0
87.9,41.0,77.5,2.82,2614.8,70.9,14.3,1016.5,250.0,97.1,13.1,1
49.9,26.0,51.6,1.25,289.1,56.7,16.8,1023.8,136.7,80.5,71.4,0
106.2,29.8,60.5,3.78,1196.9,74.6,4.6,1029.4,37.8,30.2,60.8,0
108.4,33.2,47.5,0.93,391.6,100.0,90.2,990.1,147.1,37.3,156.3,1
100.2,33.8,20.0,2.53,301.1,92.7,54.1,1016.9,71.1,18.8,44.3,1
49.1,42.6,71.3,4.57,732.7,43.5,70.0,995.7,85.1,68.0,153.6,1
41.4,44.9,100.0,0.83,899.3,23.1,82.8,992.9,57.6,26.3,267.0,0
53.6,35.2,32.4,5.77,693.0,46.1,79.2,1029.1,72.0,33.2,414.7,1
36.6,20.1,66.1,3.93,226.9,34.2,88.3,994.0,6.6,89.9,6.4,1
160.8,40.8,50.9,6.39,789.9,64.9,96.7,1010.6,39.2,39.4,98.8,1
57.5,11.7,75.4,6.34,741.0,29.0,43.9,1008.1,29.5,61.0,86.8,1
84.4,18.1,61.6,2.46,312.4,53.4,95.0,983.6,12.3,45.8,192.1,0
133.9,41.4,37.8,2.51,1952.3,73.4,72.3,1024.3,25.6,16.7,222.1,1
35.1,19.0,45.4,5.19,2459.1,52.8,7.1,1016.2,52.3,42.7,81.2,0
20.8,17.7,48.4,1.41,828.7,34.2,68.2,965.3,163.1,46.7,289.3,0
36.8,14.8,91.9,1.42,37.7,80.8,68.7,1010.5,77.0,90.6,71.0,0
91.3,40.1,90.9,2.18,747.8,13.7,90.6,989.5,80.3,39.2,32.5,0
86.8,27.5,58.8,1.02,1580.7,47.8,37.3,1026.9,52.7,44.1,154.6,1
100.0,33.6,89.6,1.23,761.1,54.1,58.5,976.1,126.3,80.5,21.9,1
69.2,18.4,61.5,1.27,688.3,55.3,1.2,997.9,39.1,78.3,147.8,0
3.8,36.5,58.5,2.82,1212.3,59.0,33.2,1012.2,146.4,81.8,153.4,0
67.5,36.6,66.1,2.72,2998.9,68.4,6.2,1006.1,46.8,95.8,191.8,1
146.2,20.9,70.7,7.07,962.1,54.2,52.2,1020.3,57.0,81.6,71.2,1
172.2,24.4,53.9,2.86,835.2,46.9,81.7,974.6,16.3,46.7,178.0,1
80.3,17.3,65.4,3.4,1820.5,46.0,20.6,1038.0,62.8,83.9,4.7,0
87.1,44.2,80.7,11.1,1050.2,41.5,52.7,1015.5,212.5,55.8,123.1,0
116.8,32.6,67.6,0.27,2265.1,72.3,20.4,1032.2,142.0,35.0,96.2,1
168.9,42.7,65.9,4.25,306.6,40.8,12.1,1022.5,181.9,37.3,212.8,1
75.0,20.6,74.9,3.06,310.5,73.6,51.1,1004.8,27.6,30.1,412.2,0
115.6,37.4,78.3,4.57,368.4,55.4,7.9,979.3,38.7,23.0,317.5,1
47.3,36.8,63.7,2.3,1395.3,43.5,58.7,993.7,60.2,26.6,13.8,0
24.1,34.2,55.5,2.85,966.0,68.6,3.1,1036.8,178.0,15.7,87.5,0
51.6,43.8,68.8,8.38,613.0,39.0,10.7,1032.7,13.0,90.0,47.2,0
195.0,23.8,33.1,5.14,971.1,69.0,55.0,992.6,28.0,93.8,28.7,1
117.3,14.6,60.8,2.97,1540.7,59.7,59.1,950.0,40.5,62.8,120.6,0
26.4,33.5,20.0,1.88,587.3,41.9,2.9,1000.7,32.1,85.6,39.6,0
121.1,35.5,31.5,1.41,1280.7,66.6,57.3,999.2,20.5,26.5,102.6,1
28.4,30.1,28.5,2.42,531.0,67.0,83.9,1000.0,26.8,91.2,62.9,0
99.1,17.2,85.9,3.18,173.0,80.5,72.2,1015.6,65.4,55.6,122.8,0
33.9,27.7,65.3,11.08,761.7,76.3,13.1,1022.5,36.1,16.0,46.2,1
24.9,20.9,39.8,4.02,150.4,65.8,59.2,1024.8,127.7,22.7,186.3,0
216.6,25.0,74.8,2.08,580.1,30.2,67.2,1013.9,71.0,37.8,67.8,1
57.5,32.6,84.8,0.27,841.5,100.0,3.7,969.0,6.5,13.9,38.8,1
115.8,36.1,75.2,1.83,371.1,24.1,85.5,998.2,29.3,37.8,79.2,0
77.4,18.1,61.2,2.42,1142.5,75.9,90.6,1050.0,20.7,15.4,135.2,0
30.5,24.2,69.6,4.32,625.0,64.5,85.0,1012.5,10.3,31.2,44.7,1
62.5,19.4,83.0,2.5,1167.7,29.2,82.5,1012.4,14.4,33.9,84.2,1
30.8,17.0,55.6,11.42,741.7,52.3,74.5,1012.2,52.4,99.5,74.4,0
300.0,37.4,65.6,3.01,641.5,53.3,63.3,1013.3,137.5,31.2,28.3,1
130.4,41.8,59.9,7.24,373.6,83.7,67.9,957.3,47.8,31.5,179.9,1
76.3,23.0,32.7,0.76,770.4,39.3,80.6,1000.2,123.7,71.8,218.6,0
111.5,36.3,83.3,3.46,846.5,49.2,66.2,1004.2,35.0,87.3,135.0,0
124.7,41.4,100.0,1.85,981.9,10.0,32.8,1030.6,60.1,44.8,252.5,1
124.9,39.6,47.5,7.38,914.0,93.2,37.6,1006.0,121.0,88.8,57.3,1
121.3,16.4,84.3,2.64,224.1,31.4,89.7,972.1,27.3,40.6,62.3,1
114.9,43.5,48.2,8.54,1495.5,62.2,1.7,1013.6,63.7,27.7,131.8,1
81.1,23.2,67.7,5.71,1007.6,52.8,69.9,988.9,181.7,39.7,39.7,1
205.8,21.9,95.2,2.36,785.9,52.8,95.5,980.7,75.5,64.8,9.0,1
85.0,12.2,54.6,1.38,974.5,72.8,70.6,988.3,250.0,43.0,211.0,1
78.0,27.0,64.7,1.95,1109.8,91.8,99.4,1015.9,58.6,70.6,43.7,0
85.5,13.8,29.0,2.85,2531.0,60.5,68.8,1030.2,71.7,31.3,205.6,0
90.1,18.7,51.7,5.69,475.3,69.4,3.4,1014.7,76.9,73.1,149.4,0
15.1,21.1,26.9,3.55,486.5,62.2,82.7,1017.6,18.7,41.3,130.9,0
36.4,38.3,73.6,6.42,290.0,77.4,28.5,1014.5,55.1,51.0,170.4,0
69.2,40.6,81.6,8.99,106.6,44.8,44.6,1007.0,25.8,60.2,54.7,1
14.3,20.6,60.6,3.7,1026.2,78.7,31.2,1018.9,63.4,71.8,206.9,0
76.2,40.1,70.7,1.53,2598.9,79.4,26.9,956.6,19.7,31.5,290.6,1
89.2,40.0,58.5,4.73,602.7,78.8,43.1,1007.2,23.8,85.2,203.9,0
23.0,36.8,79.8,12.25,1718.9,40.5,37.9,984.1,76.1,75.0,29.7,1
44.6,15.1,67.6,6.67,610.5,51.3,63.3,1028.3,99.7,31.1,109.2,1
176.8,34.2,25.3,4.47,1663.9,60.3,81.3,1002.1,79.3,97.7,21.2,1
112.3,43.1,83.8,1.71,968.8,24.8,29.7,1005.6,78.5,69.8,151.8,0
107.8,33.9,57.2,3.09,775.5,90.1,21.4,974.9,109.2,50.7,63.5,1
162.6,21.6,39.6,0.81,480.4,54.7,66.7,1025.3,62.9,24.2,9.1,1
37.1,27.5,56.2,1.3,805.0,61.2,67.0,1017.5,27.6,58.0,57.1,0
23.1,32.6,27.0,4.8,1375.9,42.3,90.1,1016.1,186.3,24.8,89.6,1
148.2,27.9,40.0,0.63,429.6,25.8,1.6,988.7,38.3,48.7,42.1,0
70.7,14.2,67.9,2.74,714.0,41.7,85.3,989.5,30.8,46.8,209.2,0
36.2,20.9,69.5,1.17,882.5,59.8,52.1,1009.5,18.9,74.8,48.2,0
15.0,38.1,71.1,1.37,1344.2,69.8,62.1,991.1,98.4,27.3,40.3,1
86.3,40.1,65.1,3.75,822.7,58.6,9.1,1013.7,36.1,84.0,7.6,0
64.5,14.8,51.1,1.95,615.1,62.6,43.3,961.8,170.2,39.4,174.5,1
56.1,43.3,63.9,0.96,925.6,47.6,22.7,995.2,40.7,50.0,98.1,0
5.9,21.5,56.3,2.29,1637.2,65.9,25.4,1040.9,20.0,79.5,192.4,0
204.0,33.2,32.5,0.92,1046.9,87.6,50.4,1013.8,50.0,66.3,102.9,0
19.0,36.3,49.6,8.19,728.2,70.5,81.2,1008.3,67.6,37.7,248.1,0
60.6,38.4,82.8,5.91,793.9,72.8,74.4,1044.7,42.9,44.8,144.5,0
52.7,43.1,96.8,5.89,305.9,61.5,59.1,958.3,56.6,37.5,130.9,0
114.7,21.0,78.0,1.79,1267.7,21.9,53.9,988.7,111.1,63.5,87.5,1
15.2,40.0,95.9,4.91,230.5,32.0,42.7,997.0,121.1,39.9,5.9,1
105.2,14.6,66.7,4.17,538.8,65.0,97.3,1022.2,99.3,75.3,45.4,0
86.6,34.7,99.8,1.91,663.4,54.8,56.0,1022.5,68.5,62.2,35.8,0
42.7,36.0,100.0,3.38,537.9,64.7,25.4,987.7,43.8,23.1,85.7,1
102.6,33.7,30.3,0.77,319.5,91.9,23.0,1025.0,87.2,37.9,56.0,0
76.1,18.8,69.4,1.42,437.6,71.0,61.1,996.9,92.7,29.9,187.5,0
236.2,40.6,66.7,3.31,217.1,82.7,52.3,1029.2,218.1,45.1,170.4,1
64.4,15.9,56.5,2.4,2080.3,57.1,0.8,984.3,108.9,56.4,68.2,0
32.0,11.9,74.8,4.61,491.0,37.2,83.0,1002.5,73.9,55.6,98.1,0
105.9,35.1,65.8,1.96,452.2,53.7,70.4,995.2,118.6,77.9,42.8,0
58.2,26.6,50.3,2.7,2590.6,37.3,66.2,1026.1,128.1,27.0,145.5,1
75.0,39.7,64.5,3.53,164.0,89.3,6.9,994.5,120.5,95.2,132.4,1
23.3,23.4,89.1,1.82,1131.8,72.4,36.2,1004.2,13.2,40.9,306.1,0
115.9,15.9,68.7,2.66,781.0,66.5,93.5,1015.1,41.6,37.0,82.3,1
50.9,39.3,77.5,4.15,324.1,82.2,86.3,1015.9,56.1,71.7,236.5,0
91.5,29.2,59.5,9.76,824.3,10.6,28.6,1022.7,84.4,82.5,25.0,1
275.1,16.6,74.0,1.83,2305.1,67.9,15.7,1009.2,21.3,44.1,96.7,1
61.5,35.2,40.8,2.41,1125.2,26.2,44.9,996.6,101.6,77.2,66.6,1
127.1,27.9,55.0,6.63,1023.1,54.8,35.6,998.0,50.6,89.5,103.8,1
65.0,31.2,62.9,7.77,251.5,48.1,68.2,1005.5,69.4,79.0,117.8,0
43.2,26.1,39.5,5.25,375.9,69.6,96.6,1010.0,46.8,13.1,16.5,0
180.9,39.0,48.4,7.64,178.4,60.0,36.3,1002.1,44.9,84.5,187.9,0
10.4,39.0,71.3,1.74,801.0,84.6,6.2,1005.4,12.3,79.7,187.7,0
150.1,34.8,67.6,7.15,775.7,41.8,89.8,974.7,101.3,70.2,74.6,1
8.9,13.7,81.1,6.05,378.0,70.6,3.8,1018.3,18.8,78.4,78.3,0
139.7,39.4,53.0,1.35,1380.4,58.6,95.3,1008.6,6.6,98.1,117.5,0
75.8,33.5,66.2,2.73,234.7,19.0,66.5,1025.0,16.9,48.8,181.1,0
32.1,34.4,51.6,0.37,405.3,34.8,94.2,1005.0,9.0,16.1,115.0,0
53.8,22.7,79.1,3.93,820.9,51.7,20.0,970.2,194.6,51.5,168.0,1
122.4,40.8,88.8,7.06,265.9,79.5,4.1,997.8,41.0,14.2,37.3,1
258.4,35.4,74.7,2.31,591.6,65.2,48.8,1001.0,140.8,36.5,243.5,1
15.9,13.9,86.2,1.5,431.5,29.3,45.1,1019.9,34.4,62.8,55.6,1
34.0,24.3,65.6,1.41,912.6,51.9,33.1,963.6,86.2,37.9,133.5,0
21.2,41.0,81.1,3.49,214.2,99.4,95.8,1005.8,132.3,71.7,88.0,0
64.5,11.7,66.5,5.22,84.5,57.4,82.3,1015.3,65.0,84.0,99.0,0
142.3,43.6,44.5,9.9,255.3,47.8,66.2,991.8,106.9,47.8,91.6,0
18.3,33.8,69.9,0.33,1395.3,65.8,16.3,1006.5,90.6,91.0,72.0,1
74.3,32.1,45.1,9.11,1325.8,71.8,73.4,992.5,175.2,17.2,257.9,1
139.2,19.5,100.0,4.09,339.1,45.0,72.7,990.4,145.2,85.6,32.2,1
53.1,18.7,58.3,6.83,712.8,66.1,42.5,996.8,73.1,84.6,65.3,1
87.2,43.0,77.9,5.81,760.7,47.8,92.5,990.8,111.1,39.0,191.7,0
172.1,20.4,64.8,3.66,202.6,70.8,16.7,1018.7,27.3,36.9,190.5,1
28.4,37.1,40.3,3.55,441.0,58.7,26.7,990.3,34.3,37.5,107.8,0
11.9,23.8,27.0,4.7,639.6,65.6,6.3,986.9,111.4,83.0,38.4,0
95.1,14.9,80.0,2.9,64.7,38.3,79.5,1040.4,149.7,84.8,107.5,0
97.1,10.4,96.0,3.09,818.1,36.9,62.2,1024.2,64.8,39.7,39.6,0
50.1,29.0,50.3,5.4,1064.0,75.8,31.5,967.8,106.2,63.3,27.4,1
42.2,44.2,31.9,1.82,884.0,53.3,16.4,989.7,67.3,22.5,96.5,1
77.0,22.9,58.5,7.28,1242.0,61.3,4.0,1009.8,186.7,52.2,13.3,1
27.9,22.5,46.3,6.87,1026.2,48.3,16.7,1011.5,164.5,99.9,233.6,0
28.0,22.0,52.0,2.42,1373.6,74.8,45.3,975.2,90.1,24.3,47.9,0
121.8,28.2,77.2,5.44,95.1,41.6,24.7,1028.2,168.6,95.3,72.2,0
26.1,25.4,64.0,4.96,546.8,52.0,25.9,1021.5,38.1,84.2,45.9,0
12.8,40.8,48.4,2.22,307.2,72.3,87.6,1014.6,50.3,97.5,24.5,0
42.1,27.7,76.8,5.72,98.6,80.8,51.5,1032.1,12.3,26.2,1.5,0
51.1,27.8,78.3,9.55,670.3,43.5,72.9,1014.0,32.7,29.2,32.0,1
105.2,14.8,58.3,7.45,1424.8,98.1,3.6,1014.0,26.0,11.5,242.8,1
45.4,44.4,67.8,0.94,457.0,61.9,36.5,1036.2,22.0,75.2,213.4,0
191.7,18.7,75.4,5.08,955.9,32.1,47.9,1027.0,240.3,68.0,11.1,1
80.1,12.6,73.5,6.65,1728.1,63.1,18.6,988.2,126.0,26.0,233.4,1
37.2,33.2,65.8,2.1,610.5,46.6,12.0,1017.7,113.9,81.2,103.9,0
102.0,30.8,93.7,7.28,1544.9,64.5,87.0,991.7,38.7,36.9,23.1,1
189.4,24.5,76.7,1.9,1443.0,54.1,93.9,1015.1,27.6,22.1,144.6,1
119.5,24.8,56.0,2.88,934.8,56.6,7.9,1014.5,27.4,48.0,77.2,0
17.2,37.5,56.1,1.97,244.7,34.9,34.9,977.3,9.6,18.2,52.4,0
54.8,16.8,53.8,1.7,92.7,76.8,95.8,1002.6,99.1,33.7,56.7,0
90.5,38.7,77.6,4.7,410.0,29.6,8.3,1010.3,45.5,43.4,140.1,0
116.1,32.7,52.5,1.03,520.0,30.6,64.4,996.3,20.4,86.7,154.8,0
64.9,24.7,56.5,3.01,610.2,63.1,97.2,1011.3,29.8,81.3,38.1,0
57.9,26.0,86.2,4.7,1145.6,90.3,97.8,1021.1,57.5,49.8,120.8,0
235.1,19.0,68.8,1.99,394.6,47.2,47.1,1004.4,108.3,75.2,111.0,1
120.7,36.3,89.0,8.14,1167.1,70.4,16.3,1009.5,43.5,61.2,162.5,1
102.3,28.0,81.0,3.2,2167.0,78.6,20.2,1032.7,146.3,40.7,39.1,1
47.0,21.2,41.5,10.56,651.6,72.9,89.0,1014.5,162.8,75.3,77.4,1
27.5,30.9,63.0,0.92,868.1,48.2,91.2,1009.0,171.2,71.5,107.2,0
103.5,44.9,84.8,4.83,2079.1,31.0,60.8,985.8,46.7,65.7,159.4,1
130.0,25.2,40.6,4.16,1274.3,10.0,76.6,1018.4,69.5,65.6,217.1,0
74.7,42.2,73.4,2.63,406.0,49.2,74.0,1011.6,35.4,71.5,150.8,0
120.9,22.1,64.2,3.67,2281.8,80.9,66.2,1030.7,51.0,44.6,126.1,1
123.1,11.9,29.9,5.35,853.5,30.3,82.7,1005.9,41.0,88.2,97.5,0
135.9,17.1,67.4,6.07,447.3,70.4,68.5,968.7,21.4,24.6,59.0,0
16.9,24.7,48.3,3.28,150.5,34.1,53.4,971.0,64.7,89.5,207.0,0
56.1,17.7,41.6,4.87,398.8,57.3,23.7,1019.7,55.9,40.8,37.2,0
108.0,10.0,65.2,1.81,826.3,70.6,74.4,993.6,96.4,21.3,152.4,0
77.9,42.0,26.4,6.15,307.9,40.5,47.3,1013.7,98.0,64.0,140.8,0
123.4,39.5,51.5,9.21,353.2,58.8,29.5,1007.3,58.4,43.8,93.9,1
102.2,36.0,100.0,6.48,1786.7,45.9,80.2,1001.7,87.5,83.4,208.8,1
6.6,15.9,78.0,1.97,863.9,70.5,69.7,1003.1,51.2,48.8,105.8,0
158.5,14.2,47.4,1.57,179.2,60.2,93.7,987.7,28.8,70.2,98.8,0
50.5,12.4,93.1,14.97,1203.9,56.2,16.5,1004.7,23.7,37.7,122.3,1
35.2,35.3,45.2,8.81,93.5,89.3,64.9,993.3,33.1,28.9,175.5,0
155.0,42.5,53.9,6.09,826.2,69.6,24.4,997.6,59.1,44.9,3.7,1
116.9,25.1,42.0,9.62,750.9,39.8,90.4,998.5,105.0,64.6,327.2,0
169.7,14.2,70.1,3.58,3000.0,53.1,9.9,1000.5,16.7,69.1,160.0,1
91.2,27.9,92.4,6.01,1498.6,53.3,65.6,1023.4,25.0,62.0,108.6,1
55.5,22.2,45.0,8.08,719.7,56.8,79.1,1002.4,219.3,98.9,6.6,1
83.6,23.1,23.8,2.9,1341.6,100.0,35.5,1025.5,31.0,72.2,240.5,0
29.7,31.7,86.8,5.08,104.1,63.2,95.4,1035.8,156.5,93.8,60.0,0
20.7,35.2,96.1,7.48,744.4,10.2,85.1,1022.1,31.2,20.6,24.8,1
44.1,13.9,25.1,1.47,431.1,43.1,29.5,1015.7,28.2,15.5,158.0,0
204.0,11.2,74.2,2.68,811.6,12.5,0.8,1011.5,163.4,38.0,44.6,0
48.0,44.8,69.5,7.37,89.0,47.7,29.7,1022.3,14.6,22.3,196.2,0
13.1,18.1,49.3,4.24,1180.3,11.3,28.1,1006.8,63.2,57.3,13.9,0
66.3,11.9,37.1,3.84,1030.3,35.8,89.0,1024.7,20.9,56.7,82.7,0
47.4,16.6,84.8,3.5,1532.6,21.5,96.7,1017.3,46.0,61.8,108.7,0
160.4,11.4,68.6,7.89,518.2,63.5,7.0,997.8,12.7,77.1,91.9,1
194.5,23.7,70.1,1.62,1212.4,55.0,47.1,1022.9,55.7,97.4,41.6,1
53.5,38.1,52.6,2.53,2411.4,61.7,54.8,1006.8,15.5,89.0,90.7,0
91.2,21.9,49.0,1.03,584.7,52.7,9.3,1002.9,133.1,20.7,107.9,0
96.8,25.5,20.0,2.83,208.1,24.3,37.7,995.5,5.5,40.5,60.8,0
72.2,33.6,60.4,4.09,1160.1,66.3,31.7,1008.3,46.5,33.0,136.2,0
62.4,27.8,93.8,0.54,543.5,97.3,53.6,1024.9,18.2,25.9,111.4,0
33.1,40.2,47.2,1.84,293.7,64.0,66.1,1022.8,9.7,59.0,16.4,0
10.7,40.3,34.6,4.24,350.2,45.6,70.3,1012.1,22.1,59.8,68.9,0
32.9,10.3,73.7,5.02,178.2,23.6,13.7,1017.0,103.6,30.5,25.1,0
70.3,37.2,77.4,11.06,294.9,35.0,81.3,1030.4,27.3,74.1,92.5,0
18.4,26.1,53.3,5.56,975.6,65.0,67.9,1002.0,30.3,76.0,61.2,1
87.7,44.6,58.0,3.18,1002.3,78.6,88.9,982.7,160.2,11.9,149.4,1
79.1,26.9,70.3,4.01,381.7,60.7,44.9,1031.0,15.2,45.6,97.2,0
47.5,44.5,61.9,4.11,2907.9,72.6,89.4,994.4,81.9,90.1,61.4,1
60.3,36.4,85.0,2.53,799.2,70.6,86.6,991.2,115.4,56.8,94.1,0
22.0,18.7,100.0,4.37,931.2,66.1,43.8,969.1,88.5,41.3,49.0,1
134.3,28.8,30.8,2.43,1079.1,40.5,38.1,1016.4,11.2,32.8,119.2,1
132.7,44.7,89.6,4.53,402.1,58.8,93.3,972.6,28.9,31.9,97.4,1
26.1,40.0,67.1,3.5,1393.1,36.3,71.5,990.0,41.6,19.0,3.8,1
26.9,13.4,92.8,3.07,155.0,55.4,92.8,1016.8,108.2,83.6,421.2,0
33.3,34.7,79.5,3.14,264.0,62.3,79.7,1019.4,111.8,17.8,81.0,1
111.8,22.1,66.2,6.21,405.4,91.9,60.9,992.0,14.4,36.3,54.4,1
96.6,10.2,80.2,5.81,868.5,26.2,11.6,1002.3,136.5,14.1,77.3,1
153.8,24.1,57.1,2.95,222.8,65.6,29.1,987.5,79.6,80.3,137.5,1
165.5,18.2,49.5,6.05,243.7,87.6,96.9,994.0,4.4,13.5,70.9,0
16.6,38.7,81.2,3.45,1923.3,71.7,31.9,1010.3,21.2,37.7,65.7,1
109.0,21.8,48.1,3.49,1758.8,73.3,9.3,995.0,38.9,61.6,24.3,0
161.1,39.0,77.8,2.54,213.7,67.9,70.8,1000.1,104.1,46.9,48.2,1
57.2,10.0,65.6,10.31,372.2,83.6,73.4,975.7,72.3,35.4,100.9,1
73.6,20.8,20.0,9.6,705.9,31.1,28.5,1027.7,80.4,34.8,89.2,1
65.3,18.4,53.5,2.11,1125.7,24.5,29.8,1015.2,40.4,81.8,49.0,0
67.6,18.2,71.7,2.81,510.0,54.9,46.9,1020.9,112.6,97.7,109.8,0
134.0,12.4,56.9,4.79,459.8,10.0,2.2,1030.8,95.8,41.3,48.5,0
229.5,16.5,20.0,5.43,1614.2,82.1,78.9,988.5,71.6,13.5,110.0,1
187.3,29.4,91.4,1.5,403.5,81.9,31.7,997.8,70.0,13.3,20.8,1
49.4,20.2,68.4,1.73,581.0,45.5,85.4,967.1,63.9,78.3,69.1,0
91.4,24.6,73.9,5.44,1048.8,46.8,80.3,1050.0,39.4,59.7,53.9,0
38.1,23.2,55.5,0.94,1081.4,53.4,66.1,1002.0,27.5,80.5,214.4,0
41.6,40.7,75.6,2.13,1002.8,56.1,32.5,1025.8,47.7,72.8,54.3,0
71.2,41.7,100.0,6.69,960.4,57.8,51.6,980.2,20.1,91.7,178.5,1
40.6,27.3,50.3,6.48,872.1,67.3,44.5,1024.9,72.9,89.7,102.0,1
46.1,21.6,98.3,9.94,610.7,51.2,33.9,1042.2,206.7,80.9,28.7,1
89.8,13.7,73.0,12.16,1391.2,75.8,84.8,1003.8,94.5,52.8,178.6,1
107.9,43.4,47.6,15.0,1121.3,64.8,48.4,984.8,106.7,37.7,157.3,0
105.9,12.1,100.0,2.75,449.1,41.6,83.3,1002.2,90.9,55.6,120.3,1
106.6,20.4,72.8,2.25,591.5,84.4,10.5,960.5,143.0,55.2,118.8,1
23.6,20.4,78.5,4.92,241.4,25.1,14.1,1004.2,140.2,64.9,92.2,0
38.8,21.2,59.6,1.05,501.9,53.0,97.7,1021.4,55.2,26.7,131.7,0
77.2,15.8,49.1,3.03,272.5,76.3,58.8,1004.3,96.9,69.0,172.5,0
156.2,37.4,68.4,4.08,1418.2,39.1,51.0,999.3,81.0,51.1,18.7,1
300.0,14.3,96.6,5.19,3000.0,61.8,52.3,1015.6,58.0,65.8,195.8,1
94.1,32.2,58.8,5.59,251.8,67.0,21.5,1017.1,133.5,31.6,220.3,1
125.2,14.3,64.5,2.96,641.1,36.1,71.9,971.8,83.1,49.1,25.9,0
21.0,12.5,94.1,1.21,561.9,53.4,8.5,1006.8,33.4,28.9,55.8,0
122.9,41.8,59.0,1.48,77.6,51.6,57.3,1050.0,39.4,88.8,111.6,0
260.5,16.7,75.2,0.46,418.3,42.9,57.1,978.3,99.4,53.9,163.9,1
38.7,38.7,82.5,2.32,2348.4,100.0,91.4,1003.3,31.0,30.2,87.0,0
47.4,29.1,61.1,1.03,825.3,38.2,52.6,1043.8,150.5,13.7,119.9,0
136.8,12.7,71.2,2.45,649.4,77.1,13.7,1027.1,27.0,70.8,39.2,0
76.5,43.4,78.2,4.89,276.3,46.4,57.3,994.7,196.0,29.3,104.9,0
9.6,18.6,57.0,1.24,1286.4,31.1,9.1,1009.1,75.4,99.1,238.2,0
49.8,40.1,81.3,3.92,485.3,57.3,20.4,1005.0,58.8,58.0,97.4,1
194.0,15.9,54.1,2.93,396.3,69.3,3.1,990.0,196.5,36.0,147.5,1
59.9,39.9,51.5,4.7,1197.2,75.3,51.3,1003.5,28.4,69.2,44.4,1
59.9,10.5,34.5,5.52,645.2,89.4,8.5,999.4,119.5,34.8,36.6,1
130.9,27.9,54.9,2.79,315.7,100.0,46.9,1007.3,192.0,83.8,310.3,1
96.5,36.9,48.7,3.67,1267.2,60.5,93.3,990.0,43.1,37.7,112.7,0
57.4,42.7,57.0,2.94,803.9,40.4,72.0,979.5,58.4,98.9,158.4,0
44.8,41.8,77.2,2.52,1277.7,65.0,7.7,1004.2,44.9,64.5,204.6,0
300.0,38.7,30.5,2.04,670.9,49.1,22.4,1039.3,18.9,86.0,19.4,1
173.0,41.1,25.5,5.16,3000.0,75.4,67.4,1006.6,46.0,16.6,264.4,1
106.6,17.0,50.0,8.79,148.8,26.5,89.5,998.4,109.8,41.3,98.9,0
111.5,19.9,74.2,8.1,3000.0,100.0,3.3,1020.1,18.1,76.4,298.9,1
67.9,20.1,70.8,1.13,450.9,73.8,81.2,1001.8,103.7,69.0,28.9,1
95.7,23.2,49.7,8.68,157.9,18.0,56.2,1042.4,10.0,27.5,181.1,0
62.4,23.8,88.4,1.65,861.3,39.4,54.6,1004.9,39.5,42.1,53.2,0
35.6,29.1,51.8,4.08,1608.1,73.0,95.8,1019.0,69.6,33.7,75.2,1
98.4,15.6,74.2,4.63,996.2,80.9,74.8,989.9,78.4,65.2,194.3,1
58.2,34.2,57.7,0.86,122.7,27.0,85.0,1015.1,109.3,41.0,57.7,0
102.1,15.9,47.6,3.19,139.4,70.7,35.4,1010.5,101.2,37.8,92.0,0
116.1,20.9,52.9,9.05,173.2,12.2,55.4,1003.9,126.8,28.7,92.7,1
106.0,27.6,79.7,0.29,416.4,53.0,61.5,995.0,36.5,46.8,59.2,1
33.0,37.9,72.2,15.0,202.9,79.5,32.2,992.2,60.8,27.6,54.6,1
53.3,35.9,84.4,0.43,588.5,42.9,57.0,1010.6,85.3,96.6,12.2,0
59.1,32.6,72.2,4.55,99.2,21.8,23.7,1017.6,43.8,23.9,70.5,0
147.2,15.5,32.8,0.9,620.5,58.2,14.3,1002.5,17.8,92.2,111.7,0
142.0,29.1,100.0,5.08,957.6,41.7,37.4,1010.7,48.4,48.6,69.9,1
40.9,13.1,72.5,7.86,1605.5,68.9,73.9,1004.2,87.2,44.0,118.3,1
23.1,23.2,75.3,6.46,849.9,35.5,91.6,1007.0,22.2,30.8,475.6,0
300.0,24.5,57.5,7.2,1845.4,38.0,45.8,1001.0,151.1,67.2,188.4,1
103.1,11.4,87.3,2.95,851.0,10.5,64.3,1005.4,110.6,71.7,90.6,0
20.1,19.6,43.1,9.0,235.4,58.7,10.3,1050.0,49.4,52.1,160.0,0
46.7,43.4,77.2,13.45,540.6,51.5,90.4,1011.2,23.0,15.0,160.9,1
151.4,43.4,23.4,3.93,398.0,28.9,56.9,1017.9,76.7,92.7,6.4,0
273.5,22.3,78.5,2.69,764.6,59.3,78.0,1013.8,30.0,98.2,255.2,1
244.7,11.5,43.4,1.87,69.9,77.6,79.4,999.7,23.2,48.8,91.4,1
100.0,16.3,70.5,6.18,1731.6,50.3,25.6,1030.9,29.2,65.2,112.8,1
75.2,23.7,92.1,7.44,1161.9,60.9,52.9,999.2,63.0,50.5,5.2,1
30.2,43.2,81.5,2.69,716.1,61.0,96.0,1026.1,89.2,39.0,120.6,0
80.1,14.9,89.5,10.33,3000.0,28.5,9.0,998.3,63.1,17.0,102.8,1
34.1,36.7,87.4,5.82,2332.9,100.0,68.3,985.8,109.6,51.0,41.3,1
53.7,13.8,54.5,3.9,1083.7,44.6,96.2,1012.3,197.0,83.7,63.1,1
136.7,44.3,77.0,4.66,738.7,69.4,30.1,982.9,66.5,11.5,47.3,1
62.2,23.4,30.5,1.52,585.9,71.9,86.1,1015.7,85.7,62.4,54.0,0
58.9,37.1,51.3,6.13,550.4,51.9,93.4,981.1,64.5,89.3,95.0,0
72.1,22.0,92.9,1.61,386.6,68.3,74.7,998.6,37.1,29.6,140.8,1
300.0,32.0,57.3,2.41,388.8,60.4,23.1,976.4,73.7,26.5,213.3,1
27.2,16.7,27.6,3.46,683.8,23.8,33.4,1050.0,7.6,79.5,116.0,0
92.5,15.1,100.0,12.08,1524.3,47.7,3.6,971.9,52.2,33.0,82.9,1
230.6,42.8,76.2,4.39,677.6,41.5,83.1,1005.2,55.3,27.3,164.9,1
72.0,42.1,80.3,1.76,192.8,44.8,85.0,1027.9,70.8,44.0,67.9,1
170.9,41.1,45.4,4.67,562.2,26.3,63.3,1025.7,112.7,45.3,69.6,1
21.5,31.9,70.7,5.58,298.1,79.8,35.3,1022.0,80.2,88.7,72.2,0
63.8,38.3,70.2,8.29,2041.7,90.2,7.7,998.7,70.7,65.7,26.1,1
37.5,12.4,48.6,3.6,76.9,76.5,75.3,1032.0,28.0,46.5,122.5,0
71.4,21.7,61.6,2.0,731.2,83.0,72.7,1023.3,114.5,58.1,98.4,1
72.5,21.0,35.0,14.21,271.2,47.4,91.3,1009.2,79.4,95.9,62.3,0
78.4,32.2,58.1,4.68,585.3,41.0,73.1,1009.8,86.5,20.2,45.4,0
135.9,22.5,84.5,1.77,722.5,37.9,82.9,998.9,66.9,28.7,74.5,1
5.6,15.2,50.1,3.57,1331.4,69.2,74.6,986.8,84.9,96.6,75.9,0
45.0,30.9,100.0,2.41,505.4,60.0,63.1,1029.7,81.7,96.2,187.1,0
88.0,38.5,36.3,8.63,705.7,53.3,42.7,1031.2,82.4,25.9,54.8,1
10.3,23.4,59.8,5.54,1740.6,83.5,90.2,987.3,54.8,23.1,41.3,1
117.1,14.6,51.9,2.85,1737.3,63.9,65.1,1001.9,69.4,47.9,278.4,0
44.3,16.9,61.4,7.44,2834.4,36.5,39.8,1002.1,85.6,14.5,73.9,1
64.8,18.3,92.4,3.35,318.2,40.0,8.3,1004.3,77.1,68.9,88.3,0
140.1,20.5,45.3,3.51,2865.3,70.0,29.1,1006.3,22.3,17.0,214.5,1
176.1,32.5,56.0,1.95,556.8,77.9,54.4,1023.9,31.1,15.2,128.5,1
119.6,31.0,78.1,1.94,1997.1,67.1,27.6,990.1,88.1,53.7,92.4,1
26.4,34.4,66.9,13.59,1292.0,96.7,22.1,988.1,24.1,96.2,242.5,0
115.4,22.7,68.5,7.2,482.9,91.0,52.7,1029.7,62.2,48.4,60.1,1
120.9,38.8,45.7,0.55,2486.8,64.7,17.0,995.7,48.6,42.1,120.9,1
104.8,17.1,63.6,1.58,1853.2,36.6,80.0,979.7,109.9,99.8,58.5,0
195.4,26.4,87.6,1.29,226.4,26.2,48.4,995.3,93.2,57.9,215.3,1
80.0,38.0,32.8,3.84,516.6,46.5,57.4,998.4,96.0,43.8,98.4,1
190.4,16.3,51.1,2.61,1171.5,71.6,14.7,1036.1,42.2,44.7,52.7,1
189.6,13.8,28.7,9.8,189.0,95.2,32.5,1023.5,96.4,27.5,203.2,1
123.3,40.9,75.7,2.82,663.8,64.2,41.0,1028.0,78.6,56.1,9.5,1
93.6,22.0,89.5,12.69,1525.0,80.7,80.8,1021.4,29.1,49.5,55.7,1
105.3,33.9,61.3,3.43,663.5,49.6,77.0,1023.9,9.1,34.4,9.0,0
223.4,10.9,44.9,14.52,851.2,68.7,22.3,991.2,45.4,24.4,10.5,1
156.1,34.2,45.5,3.12,1445.6,73.1,61.6,1001.0,106.0,38.0,30.3,1
29.6,21.1,59.1,3.17,998.9,11.4,24.3,985.2,35.0,55.8,112.1,0
100.6,12.0,59.0,7.09,659.5,45.9,98.8,1000.8,86.2,15.2,25.5,1
35.7,31.3,83.2,6.4,1976.0,75.9,95.2,1018.7,54.9,23.8,342.3,1
43.1,18.4,51.6,1.08,787.0,61.0,56.3,1007.7,135.9,95.3,127.1,0
55.5,23.5,73.7,3.91,723.0,28.7,69.9,1031.2,33.1,58.9,90.9,0
19.4,12.8,58.9,2.59,1951.8,10.0,80.1,982.2,95.3,15.7,19.6,1
33.7,15.2,50.1,2.45,1027.7,47.0,72.1,1015.0,45.3,72.4,12.1,1
202.4,20.4,58.4,3.9,281.0,53.4,70.0,980.0,37.1,15.6,69.7,1
42.9,13.1,71.7,2.91,314.6,35.6,95.9,1006.9,68.5,76.5,307.6,0
136.4,41.9,83.3,4.21,396.4,58.1,59.6,1019.8,36.2,77.5,25.8,0
85.4,10.2,60.0,1.51,1493.5,66.1,63.6,1000.7,32.9,68.6,17.2,1
112.0,26.9,40.9,0.84,1383.2,69.8,84.9,1016.0,86.7,75.9,185.7,1
115.3,14.3,85.0,7.28,839.1,10.0,67.0,985.8,158.0,17.9,181.4,1
32.3,20.8,47.0,8.07,318.4,26.1,73.3,971.7,157.3,75.4,105.7,1
135.9,42.4,70.2,6.97,545.3,48.3,23.4,1016.1,84.3,22.3,49.2,1
23.8,15.7,64.5,3.77,1819.4,67.6,37.1,1039.9,70.1,40.6,131.2,1
41.4,43.8,61.8,2.73,646.4,65.8,14.7,985.1,48.5,94.8,17.1,0
114.1,17.2,55.3,2.18,625.3,65.4,50.6,1029.4,13.7,55.3,92.1,0
30.3,36.0,77.4,1.84,424.3,46.6,45.6,1005.9,202.9,97.1,8.8,0
9.0,29.1,20.0,3.44,1526.6,47.8,99.7,978.3,32.9,18.0,86.7,1
97.2,41.0,87.7,7.93,371.5,39.0,61.1,982.4,163.8,53.0,190.7,1
15.9,29.4,46.7,2.02,1251.6,71.9,78.6,1005.3,40.3,15.6,314.4,0
121.8,28.7,73.2,7.94,487.6,34.7,33.4,996.9,24.4,66.7,51.7,0
58.8,16.8,72.1,0.89,1087.7,73.7,83.2,978.7,203.5,17.1,111.3,1
96.2,15.8,90.5,4.38,901.2,59.6,61.5,971.1,116.0,25.8,43.8,0
94.9,42.1,69.0,5.06,694.8,54.0,69.7,988.1,64.1,33.3,133.4,1
128.1,21.5,48.4,2.38,560.7,40.6,29.4,1008.9,43.6,77.4,174.1,0
116.5,23.0,32.9,1.42,971.5,25.2,54.9,1004.9,18.1,24.8,131.8,1
30.1,36.6,58.0,6.63,893.9,40.8,63.4,995.0,110.3,86.2,45.8,0
61.7,21.9,25.8,3.79,442.8,47.7,58.9,1009.0,47.7,21.9,29.8,0
96.1,43.3,52.4,15.0,1648.0,10.0,91.5,1025.8,192.7,13.2,35.4,1
192.7,35.8,59.1,8.02,1404.9,50.7,89.8,1012.9,48.2,45.6,86.6,1
117.3,30.9,51.2,8.06,324.7,75.3,97.1,1002.6,65.7,98.1,15.2,0
